from_metric,to_metric,relationship,declared_on,to_exists
clv,aov,parent_of,clv,True
clv,purchase_frequency,parent_of,clv,True
clv,customer_churn_rate,parent_of,clv,True
clv,cohort_ltv_12m,parent_of,clv,True
clv,cohort_ltv_24m,parent_of,clv,True
clv,cross_sell_rate,parent_of,clv,True
clv,customer_retention_rate,parent_of,clv,True
clv,refund_rate,parent_of,clv,True
clv,cac,correlated_with,clv,True
clv,nrr,correlated_with,clv,True
clv,cohort_ltv_12m,correlated_with,clv,True
clv,aov,correlated_with,clv,True
customer_ltv,arpu,parent_of,customer_ltv,True
customer_ltv,churn_rate,parent_of,customer_ltv,True
customer_ltv,ltv_cac,correlated_with,customer_ltv,True
customer_ltv,net_revenue_retention,correlated_with,customer_ltv,True
customer_ltv,arpu,correlated_with,customer_ltv,True
district_proficiency_rate,ela_proficiency_rate,parent_of,district_proficiency_rate,True
district_proficiency_rate,math_proficiency_rate,parent_of,district_proficiency_rate,True
district_proficiency_rate,science_proficiency_rate,parent_of,district_proficiency_rate,True
district_proficiency_rate,four_year_grad_rate,correlated_with,district_proficiency_rate,True
district_proficiency_rate,sgp,correlated_with,district_proficiency_rate,True
district_proficiency_rate,ap_pass_rate,correlated_with,district_proficiency_rate,True
student_proficiency,attendance_rate,parent_of,student_proficiency,True
student_proficiency,chronic_absenteeism,parent_of,student_proficiency,True
student_proficiency,instructional_minutes,parent_of,student_proficiency,True
student_proficiency,avg_teacher_experience,parent_of,student_proficiency,True
student_proficiency,ell_pct,parent_of,student_proficiency,True
student_proficiency,ell_proficiency_growth,parent_of,student_proficiency,True
student_proficiency,frl_pct,parent_of,student_proficiency,True
student_proficiency,graduation_rate,parent_of,student_proficiency,True
student_proficiency,iep_goal_mastery_rate,parent_of,student_proficiency,True
student_proficiency,iep_pct,parent_of,student_proficiency,True
student_proficiency,on_time_lesson_delivery,parent_of,student_proficiency,True
student_proficiency,per_pupil_expenditure,parent_of,student_proficiency,True
student_proficiency,school_climate_score,parent_of,student_proficiency,True
student_proficiency,school_culture_score,parent_of,student_proficiency,True
student_proficiency,stg_student_assessment_row,parent_of,student_proficiency,True
student_proficiency,student_growth_percentile,parent_of,student_proficiency,True
student_proficiency,teacher_retention_rate,parent_of,student_proficiency,True
student_proficiency,graduation_rate,correlated_with,student_proficiency,True
student_proficiency,college_enrollment,correlated_with,student_proficiency,True
student_proficiency,absenteeism_by_subgroup,correlated_with,student_proficiency,True
student_proficiency,advanced_course_enrollment_rate,correlated_with,student_proficiency,True
student_proficiency,attendance_rate,correlated_with,student_proficiency,True
student_proficiency,average_daily_attendance,correlated_with,student_proficiency,True
student_proficiency,chronic_absenteeism,correlated_with,student_proficiency,True
student_proficiency,cost_per_outcome,correlated_with,student_proficiency,True
student_proficiency,ell_proficiency_growth,correlated_with,student_proficiency,True
student_proficiency,iep_goal_mastery_rate,correlated_with,student_proficiency,True
student_proficiency,student_growth_percentile,correlated_with,student_proficiency,True
student_proficiency,teacher_retention_rate,correlated_with,student_proficiency,True
student_proficiency,teacher_student_ratio,correlated_with,student_proficiency,True
college_enrollment_rate,fafsa_completion_rate,parent_of,college_enrollment_rate,True
college_enrollment_rate,ap_participation_rate,parent_of,college_enrollment_rate,True
college_enrollment_rate,ap_pass_rate,parent_of,college_enrollment_rate,True
college_enrollment_rate,college_enrollment,parent_of,college_enrollment_rate,True
college_enrollment_rate,four_year_grad_rate,correlated_with,college_enrollment_rate,True
college_enrollment_rate,ap_pass_rate,correlated_with,college_enrollment_rate,True
college_enrollment_rate,ap_participation_rate,correlated_with,college_enrollment_rate,True
cost_per_outcome,per_pupil_expenditure,parent_of,cost_per_outcome,True
cost_per_outcome,per_pupil_expenditure,correlated_with,cost_per_outcome,True
cost_per_outcome,student_proficiency,correlated_with,cost_per_outcome,True
student_proficiency,cost_per_outcome,formula_input,cost_per_outcome,True
ebitda,gross_profit,parent_of,ebitda,True
ebitda,opex,parent_of,ebitda,True
ebitda,da,parent_of,ebitda,True
ebitda,bad_debt_rate,parent_of,ebitda,True
ebitda,cogs,parent_of,ebitda,True
ebitda,ebit,parent_of,ebitda,True
ebitda,ebitda_bridge_price,parent_of,ebitda,True
ebitda,ebitda_bridge_volume,parent_of,ebitda,True
ebitda,ebitda_margin,parent_of,ebitda,True
ebitda,forecast_accuracy,parent_of,ebitda,True
ebitda,gross_margin,parent_of,ebitda,True
ebitda,gross_margin_pct,parent_of,ebitda,True
ebitda,revenue,parent_of,ebitda,True
ebitda,revenue_per_employee,parent_of,ebitda,True
ebitda,ebitda_margin,correlated_with,ebitda,True
ebitda,free_cash_flow,correlated_with,ebitda,True
ebitda,net_income,correlated_with,ebitda,True
ebitda,capex,correlated_with,ebitda,True
ebitda,effective_tax_rate,correlated_with,ebitda,True
ebitda,enterprise_value,correlated_with,ebitda,True
ebitda,net_revenue_retention,correlated_with,ebitda,True
ebitda,operating_cash_flow,correlated_with,ebitda,True
ebitda,return_on_equity,correlated_with,ebitda,True
ebitda,total_revenue,correlated_with,ebitda,True
enterprise_value,net_debt,parent_of,enterprise_value,True
enterprise_value,customer_concentration_risk,parent_of,enterprise_value,True
enterprise_value,ev_ebitda,parent_of,enterprise_value,True
enterprise_value,roic,parent_of,enterprise_value,True
enterprise_value,ev_ebitda,correlated_with,enterprise_value,True
enterprise_value,rule_of_40,correlated_with,enterprise_value,True
enterprise_value,ebitda,correlated_with,enterprise_value,True
free_cash_flow,operating_cash_flow,parent_of,free_cash_flow,True
free_cash_flow,capex,parent_of,free_cash_flow,True
free_cash_flow,capex_pct_revenue,parent_of,free_cash_flow,True
free_cash_flow,runway_months,parent_of,free_cash_flow,True
free_cash_flow,working_capital,parent_of,free_cash_flow,True
free_cash_flow,burn_rate,correlated_with,free_cash_flow,True
free_cash_flow,ebitda,correlated_with,free_cash_flow,True
free_cash_flow,net_income,correlated_with,free_cash_flow,True
free_cash_flow,billings,correlated_with,free_cash_flow,True
free_cash_flow,capex_pct_revenue,correlated_with,free_cash_flow,True
free_cash_flow,da,correlated_with,free_cash_flow,True
free_cash_flow,debt_ebitda,correlated_with,free_cash_flow,True
free_cash_flow,effective_tax_rate,correlated_with,free_cash_flow,True
free_cash_flow,interest_coverage_ratio,correlated_with,free_cash_flow,True
free_cash_flow,operating_cash_flow,correlated_with,free_cash_flow,True
free_cash_flow,runway_months,correlated_with,free_cash_flow,True
free_cash_flow,working_capital,correlated_with,free_cash_flow,True
marketing_roi,stg_ad_spend,parent_of,marketing_roi,True
marketing_roi,ltv_cac,parent_of,marketing_roi,True
marketing_roi,marketing_influenced_pipeline,parent_of,marketing_roi,True
marketing_roi,organic_attribution_pct,parent_of,marketing_roi,True
marketing_roi,paid_attribution_pct,parent_of,marketing_roi,True
marketing_roi,referral_attribution_pct,parent_of,marketing_roi,True
marketing_roi,roas,parent_of,marketing_roi,True
marketing_roi,share_of_voice,parent_of,marketing_roi,True
marketing_roi,roas,correlated_with,marketing_roi,True
marketing_roi,marketing_cac,correlated_with,marketing_roi,True
pipeline_generated,marketing_roi,formula_input,marketing_roi,True
ops_efficiency_ratio,opex,parent_of,ops_efficiency_ratio,True
ops_efficiency_ratio,budget_variance_pct,parent_of,ops_efficiency_ratio,True
ops_efficiency_ratio,carbon_emissions_per_unit,parent_of,ops_efficiency_ratio,True
ops_efficiency_ratio,cost_per_mile,parent_of,ops_efficiency_ratio,True
ops_efficiency_ratio,support_cost_per_ticket,parent_of,ops_efficiency_ratio,True
ops_efficiency_ratio,warehouse_utilization_rate,parent_of,ops_efficiency_ratio,True
ops_efficiency_ratio,gross_margin_pct,correlated_with,ops_efficiency_ratio,True
ops_efficiency_ratio,throughput,correlated_with,ops_efficiency_ratio,True
total_revenue,ops_efficiency_ratio,formula_input,ops_efficiency_ratio,True
ops_north_star,on_time_delivery_rate,parent_of,ops_north_star,True
ops_north_star,fill_rate,parent_of,ops_north_star,True
ops_north_star,order_accuracy_rate,parent_of,ops_north_star,True
ops_north_star,capacity_utilization,parent_of,ops_north_star,True
ops_north_star,capacity_utilization_rate,parent_of,ops_north_star,True
ops_north_star,defect_rate,parent_of,ops_north_star,True
ops_north_star,order_fulfillment_rate,parent_of,ops_north_star,True
ops_north_star,return_rate,parent_of,ops_north_star,True
ops_north_star,sla_compliance_rate,parent_of,ops_north_star,True
ops_north_star,system_uptime,parent_of,ops_north_star,True
ops_north_star,vendor_scorecard_rating,parent_of,ops_north_star,True
ops_north_star,csat,correlated_with,ops_north_star,True
pipeline_generated,sql,parent_of,pipeline_generated,True
pipeline_generated,avg_deal_size,parent_of,pipeline_generated,True
pipeline_generated,mql,parent_of,pipeline_generated,True
pipeline_generated,bookings,correlated_with,pipeline_generated,True
pipeline_generated,mql,correlated_with,pipeline_generated,True
pipeline_generated,pipeline_coverage,correlated_with,pipeline_generated,True
pipeline_generated,stg_opportunities_count,correlated_with,pipeline_generated,True
return_on_equity,debt_to_equity,parent_of,return_on_equity,True
return_on_equity,interest_coverage,parent_of,return_on_equity,True
return_on_equity,leverage_ratio,parent_of,return_on_equity,True
return_on_equity,net_income,parent_of,return_on_equity,True
return_on_equity,net_income_margin,parent_of,return_on_equity,True
return_on_equity,net_margin,parent_of,return_on_equity,True
return_on_equity,return_on_assets,parent_of,return_on_equity,True
return_on_equity,roa,parent_of,return_on_equity,True
return_on_equity,roe,parent_of,return_on_equity,True
return_on_equity,return_on_assets,correlated_with,return_on_equity,True
return_on_equity,debt_ebitda,correlated_with,return_on_equity,True
return_on_equity,ebitda,correlated_with,return_on_equity,True
rule_of_40,ebitda_margin,parent_of,rule_of_40,True
rule_of_40,revenue_growth_rate,parent_of,rule_of_40,True
rule_of_40,arr_growth_rate,parent_of,rule_of_40,True
rule_of_40,magic_number,parent_of,rule_of_40,True
rule_of_40,nrr,parent_of,rule_of_40,True
rule_of_40,arr,correlated_with,rule_of_40,True
rule_of_40,net_revenue_retention,correlated_with,rule_of_40,True
rule_of_40,enterprise_value,correlated_with,rule_of_40,True
rule_of_40,saas_quick_ratio,correlated_with,rule_of_40,True
employee_lifetime_value,headcount_cost,parent_of,employee_lifetime_value,True
employee_lifetime_value,revenue_per_employee,parent_of,employee_lifetime_value,True
employee_lifetime_value,avg_tenure,parent_of,employee_lifetime_value,True
employee_lifetime_value,gross_profit_per_employee,parent_of,employee_lifetime_value,True
employee_lifetime_value,workforce_productivity,parent_of,employee_lifetime_value,True
employee_lifetime_value,employee_attrition_rate,correlated_with,employee_lifetime_value,True
employee_lifetime_value,employee_engagement_score,correlated_with,employee_lifetime_value,True
headcount,stg_employees_count,parent_of,headcount,True
headcount,headcount_by_dept,parent_of,headcount,True
headcount,diversity_hire_rate,parent_of,headcount,True
headcount,headcount_vs_budget,parent_of,headcount,True
headcount,new_hires,parent_of,headcount,True
headcount,turnover_rate,correlated_with,headcount,True
headcount,headcount_vs_budget,correlated_with,headcount,True
headcount,headcount_by_dept,correlated_with,headcount,True
headcount,stg_employees_count,correlated_with,headcount,True
headcount,stg_payroll_total,correlated_with,headcount,True
headcount,total_comp_expense,correlated_with,headcount,True
turnover_rate,separations,parent_of,turnover_rate,True
turnover_rate,employee_attrition_rate,parent_of,turnover_rate,True
turnover_rate,regrettable_attrition,parent_of,turnover_rate,True
turnover_rate,voluntary_turnover,parent_of,turnover_rate,True
turnover_rate,voluntary_turnover,correlated_with,turnover_rate,True
turnover_rate,regrettable_attrition,correlated_with,turnover_rate,True
turnover_rate,engagement_score,correlated_with,turnover_rate,True
turnover_rate,absenteeism_rate,correlated_with,turnover_rate,True
turnover_rate,headcount,correlated_with,turnover_rate,True
turnover_rate,stg_employees_count,correlated_with,turnover_rate,True
headcount,turnover_rate,formula_input,turnover_rate,True
four_year_grad_rate,student_attendance_rate,parent_of,four_year_grad_rate,True
four_year_grad_rate,dropout_rate,parent_of,four_year_grad_rate,True
four_year_grad_rate,college_enrollment_rate,correlated_with,four_year_grad_rate,True
four_year_grad_rate,dropout_rate,correlated_with,four_year_grad_rate,True
four_year_grad_rate,district_proficiency_rate,correlated_with,four_year_grad_rate,True
pipeline_generated,mql,parent_of,mql,True
sql,mql,parent_of,mql,True
mql,stg_leads_count,parent_of,mql,True
mql,form_conversion_rate,parent_of,mql,True
mql,demo_requests,parent_of,mql,True
mql,event_attendees,parent_of,mql,True
mql,lead_to_mql_rate,parent_of,mql,True
mql,session_to_lead_rate,parent_of,mql,True
mql,webinar_attendance_rate,parent_of,mql,True
mql,sql,correlated_with,mql,True
mql,lead_to_mql_rate,correlated_with,mql,True
mql,demo_requests,correlated_with,mql,True
mql,event_attendees,correlated_with,mql,True
mql,pipeline_generated,correlated_with,mql,True
mql,stg_leads_count,correlated_with,mql,True
mql,webinar_registrants,correlated_with,mql,True
otd_rate,stg_orders_count,parent_of,otd_rate,True
otd_rate,cycle_time,parent_of,otd_rate,True
otd_rate,lead_time,parent_of,otd_rate,True
otd_rate,order_fulfillment_rate,correlated_with,otd_rate,True
otd_rate,cycle_time,correlated_with,otd_rate,True
otd_rate,inventory_turnover,correlated_with,otd_rate,True
otd_rate,lead_time,correlated_with,otd_rate,True
total_revenue,net_revenue,parent_of,total_revenue,True
total_revenue,gross_revenue,parent_of,total_revenue,True
total_revenue,services_revenue,parent_of,total_revenue,True
total_revenue,license_revenue,parent_of,total_revenue,True
total_revenue,subscription_revenue,parent_of,total_revenue,True
total_revenue,implementation_revenue,parent_of,total_revenue,True
total_revenue,partner_revenue,parent_of,total_revenue,True
total_revenue,partner_revenue_pct,parent_of,total_revenue,True
total_revenue,rev_from_existing,parent_of,total_revenue,True
total_revenue,rev_from_new_customers,parent_of,total_revenue,True
total_revenue,revenue_by_channel,parent_of,total_revenue,True
total_revenue,revenue_by_product,parent_of,total_revenue,True
total_revenue,revenue_by_region,parent_of,total_revenue,True
total_revenue,revenue_ytd,parent_of,total_revenue,True
total_revenue,revenue_growth_rate,correlated_with,total_revenue,True
total_revenue,revenue_vs_py,correlated_with,total_revenue,True
total_revenue,arr,correlated_with,total_revenue,True
total_revenue,ebitda,correlated_with,total_revenue,True
total_revenue,prior_year_revenue,correlated_with,total_revenue,True
total_revenue,q1_revenue,correlated_with,total_revenue,True
total_revenue,q4_revenue,correlated_with,total_revenue,True
total_revenue,revenue_by_channel,correlated_with,total_revenue,True
total_revenue,revenue_by_product,correlated_with,total_revenue,True
total_revenue,revenue_by_region,correlated_with,total_revenue,True
total_revenue,stg_orders_count,correlated_with,total_revenue,True
cx_csat,stg_csat_response_row,parent_of,cx_csat,True
cx_csat,complaint_resolution_rate,parent_of,cx_csat,True
cx_csat,complaints_count,parent_of,cx_csat,True
cx_csat,nps,correlated_with,cx_csat,True
cx_csat,ces,correlated_with,cx_csat,True
cx_csat,csat,correlated_with,cx_csat,True
nps,stg_nps_response_row,parent_of,nps,True
nps,app_store_rating,parent_of,nps,True
nps,feature_request_volume,parent_of,nps,True
nps,review_rating,parent_of,nps,True
nps,survey_response_rate,parent_of,nps,True
nps,testimonials_count,parent_of,nps,True
nps,customer_health_score,correlated_with,nps,True
nps,churn_rate,correlated_with,nps,True
nps,app_store_rating,correlated_with,nps,True
nps,ces,correlated_with,nps,True
nps,csat,correlated_with,nps,True
nps,cx_csat,correlated_with,nps,True
nps,enps,correlated_with,nps,True
nps,feature_adoption_rate,correlated_with,nps,True
nps,feature_request_volume,correlated_with,nps,True
nps,review_rating,correlated_with,nps,True
nps,survey_response_rate,correlated_with,nps,True
nps,testimonials_count,correlated_with,nps,True
at_risk_accounts,account_health_score,parent_of,account_health_score,True
account_health_score,dau,parent_of,account_health_score,True
account_health_score,renewal_rate,parent_of,account_health_score,True
account_health_score,at_risk_accounts,correlated_with,account_health_score,True
account_health_score,nrr,correlated_with,account_health_score,True
account_health_score,qbr_completion_rate,correlated_with,account_health_score,True
nps,account_health_score,formula_input,account_health_score,True
clv,aov,parent_of,aov,True
cohort_ltv_12m,aov,parent_of,aov,True
aov,stg_purchases_count,parent_of,aov,True
aov,stg_order_amount_sum,parent_of,aov,True
aov,purchase_frequency,correlated_with,aov,True
aov,clv,correlated_with,aov,True
aov,cross_sell_rate,correlated_with,aov,True
aov,discount_rate,correlated_with,aov,True
aov,iap_revenue,correlated_with,aov,True
aov,marketplace_buyers,correlated_with,aov,True
aov,stg_order_amount_sum,correlated_with,aov,True
aov,stg_orders_count,correlated_with,aov,True
aov,stg_products_active,correlated_with,aov,True
aov,stg_purchases_count,correlated_with,aov,True
ltv_cac,cac,parent_of,cac,True
cac_payback,cac,parent_of,cac,True
payback_period,cac,parent_of,cac,True
payback_ratio,cac,parent_of,cac,True
cac,marketing_cac,parent_of,cac,True
cac,monthly_new_customers,parent_of,cac,True
cac,cost_per_mql,parent_of,cac,True
cac,cost_per_sql,parent_of,cac,True
cac,customers_by_channel,parent_of,cac,True
cac,marketing_spend,parent_of,cac,True
cac,mql_count,parent_of,cac,True
cac,sales_spend,parent_of,cac,True
cac,cac_payback,correlated_with,cac,True
cac,magic_number,correlated_with,cac,True
cac,ltv_cac,correlated_with,cac,True
cac,arr_per_rep,correlated_with,cac,True
cac,clv,correlated_with,cac,True
cac,cost_per_sql,correlated_with,cac,True
cac,customers_by_channel,correlated_with,cac,True
cac,marketing_cac,correlated_with,cac,True
cac,monthly_new_customers,correlated_with,cac,True
cac,mql_to_sql_rate,correlated_with,cac,True
cac,net_new_customers,correlated_with,cac,True
cac,rev_from_new_customers,correlated_with,cac,True
cac,revenue_by_channel,correlated_with,cac,True
cac,roas,correlated_with,cac,True
cac,sales_cycle_length,correlated_with,cac,True
cac,sales_spend,correlated_with,cac,True
cac,sm_spend,correlated_with,cac,True
cac,time_to_fill,correlated_with,cac,True
cac,win_rate,correlated_with,cac,True
ltv_cac,cac_payback,parent_of,cac_payback,True
cac_payback,cac,parent_of,cac_payback,True
cac_payback,gross_margin_pct,parent_of,cac_payback,True
cac_payback,arpu,parent_of,cac_payback,True
cac_payback,sm_spend,parent_of,cac_payback,True
cac_payback,magic_number,correlated_with,cac_payback,True
cac_payback,ltv_cac,correlated_with,cac_payback,True
cac_payback,avg_sales_cycle,correlated_with,cac_payback,True
cac_payback,cac,correlated_with,cac_payback,True
cac_payback,payback_ratio,correlated_with,cac_payback,True
customer_health_score,ces,parent_of,ces,True
ces,csat,correlated_with,ces,True
ces,nps,correlated_with,ces,True
ces,cx_csat,correlated_with,ces,True
ces,first_response_time,correlated_with,ces,True
ces,ticket_resolution_rate,correlated_with,ces,True
clv,cohort_ltv_12m,parent_of,cohort_ltv_12m,True
cohort_ltv_24m,cohort_ltv_12m,parent_of,cohort_ltv_12m,True
cohort_ltv_12m,aov,parent_of,cohort_ltv_12m,True
cohort_ltv_12m,purchase_frequency,parent_of,cohort_ltv_12m,True
cohort_ltv_12m,cohort_ltv_24m,correlated_with,cohort_ltv_12m,True
cohort_ltv_12m,d30_retention,correlated_with,cohort_ltv_12m,True
cohort_ltv_12m,clv,correlated_with,cohort_ltv_12m,True
clv,cohort_ltv_24m,parent_of,cohort_ltv_24m,True
cohort_ltv_24m,cohort_ltv_12m,parent_of,cohort_ltv_24m,True
cohort_ltv_24m,cohort_ltv_12m,correlated_with,cohort_ltv_24m,True
cohort_ltv_24m,nrr,correlated_with,cohort_ltv_24m,True
churn_rate,customer_health_score,parent_of,customer_health_score,True
customer_health_score,ces,parent_of,customer_health_score,True
customer_health_score,churn_prediction_score,parent_of,customer_health_score,True
customer_health_score,csat,parent_of,customer_health_score,True
customer_health_score,customer_onboarding_time,parent_of,customer_health_score,True
customer_health_score,dau_mau_ratio,parent_of,customer_health_score,True
customer_health_score,feature_adoption_rate,parent_of,customer_health_score,True
customer_health_score,net_revenue_retention,correlated_with,customer_health_score,True
customer_health_score,arpu,correlated_with,customer_health_score,True
customer_health_score,churn_prediction_score,correlated_with,customer_health_score,True
customer_health_score,churn_rate,correlated_with,customer_health_score,True
customer_health_score,logo_churn_rate,correlated_with,customer_health_score,True
customer_health_score,nps,correlated_with,customer_health_score,True
customer_health_score,customer_onboarding_time,parent_of,customer_onboarding_time,True
customer_onboarding_time,time_to_value,correlated_with,customer_onboarding_time,True
customer_onboarding_time,churn_rate,correlated_with,customer_onboarding_time,True
marketing_roi,ltv_cac,parent_of,ltv_cac,True
ltv_cac,cac,parent_of,ltv_cac,True
ltv_cac,cac_payback,parent_of,ltv_cac,True
ltv_cac,payback_period,parent_of,ltv_cac,True
ltv_cac,payback_ratio,parent_of,ltv_cac,True
ltv_cac,cac_payback,correlated_with,ltv_cac,True
ltv_cac,magic_number,correlated_with,ltv_cac,True
ltv_cac,cac,correlated_with,ltv_cac,True
ltv_cac,churn_rate,correlated_with,ltv_cac,True
ltv_cac,customer_ltv,correlated_with,ltv_cac,True
ltv_cac,net_revenue_retention,correlated_with,ltv_cac,True
ltv_cac,payback_ratio,correlated_with,ltv_cac,True
ltv_cac,roas,correlated_with,ltv_cac,True
clv,ltv_cac,formula_input,ltv_cac,True
cac,marketing_cac,parent_of,marketing_cac,True
marketing_cac,stg_ad_spend,parent_of,marketing_cac,True
marketing_cac,net_new_customers,parent_of,marketing_cac,True
marketing_cac,cac,correlated_with,marketing_cac,True
marketing_cac,cost_per_mql,correlated_with,marketing_cac,True
marketing_cac,marketing_roi,correlated_with,marketing_cac,True
marketing_cac,sm_spend,correlated_with,marketing_cac,True
marketing_cac,stg_ad_spend,correlated_with,marketing_cac,True
time_to_value,onboarding_time,parent_of,onboarding_time,True
onboarding_time,time_to_value,correlated_with,onboarding_time,True
onboarding_time,activation_rate,correlated_with,onboarding_time,True
cycle_time,process_automation_rate,parent_of,process_automation_rate,True
process_automation_rate,cycle_time,correlated_with,process_automation_rate,True
process_automation_rate,throughput,correlated_with,process_automation_rate,True
return_rate,product_return_rate,parent_of,product_return_rate,True
product_return_rate,refund_rate,correlated_with,product_return_rate,True
product_return_rate,csat,correlated_with,product_return_rate,True
product_return_rate,stg_refunds_count,correlated_with,product_return_rate,True
clv,purchase_frequency,parent_of,purchase_frequency,True
cohort_ltv_12m,purchase_frequency,parent_of,purchase_frequency,True
purchase_frequency,stg_purchases_count,parent_of,purchase_frequency,True
purchase_frequency,repeat_purchase_rate,parent_of,purchase_frequency,True
purchase_frequency,aov,correlated_with,purchase_frequency,True
purchase_frequency,repeat_purchase_rate,correlated_with,purchase_frequency,True
purchase_frequency,stg_purchases_count,correlated_with,purchase_frequency,True
clv,refund_rate,parent_of,refund_rate,True
refund_rate,stg_refunds_count,parent_of,refund_rate,True
refund_rate,stg_purchases_count,parent_of,refund_rate,True
refund_rate,stg_refund_amount,parent_of,refund_rate,True
refund_rate,product_return_rate,correlated_with,refund_rate,True
refund_rate,csat,correlated_with,refund_rate,True
refund_rate,net_revenue,correlated_with,refund_rate,True
refund_rate,stg_refund_amount,correlated_with,refund_rate,True
refund_rate,stg_refunds_count,correlated_with,refund_rate,True
net_revenue_retention,renewal_rate,parent_of,renewal_rate,True
account_health_score,renewal_rate,parent_of,renewal_rate,True
renewal_rate,stg_subscription_row,parent_of,renewal_rate,True
renewal_rate,qbr_completion_rate,parent_of,renewal_rate,True
renewal_rate,nrr_monthly,correlated_with,renewal_rate,True
renewal_rate,churn_rate,correlated_with,renewal_rate,True
renewal_rate,at_risk_accounts,correlated_with,renewal_rate,True
renewal_rate,customer_churn_rate,correlated_with,renewal_rate,True
renewal_rate,customer_retention_rate,correlated_with,renewal_rate,True
renewal_rate,qbr_completion_rate,correlated_with,renewal_rate,True
purchase_frequency,repeat_purchase_rate,parent_of,repeat_purchase_rate,True
repeat_purchase_rate,stg_purchases_count,parent_of,repeat_purchase_rate,True
repeat_purchase_rate,stg_customer_count,parent_of,repeat_purchase_rate,True
repeat_purchase_rate,purchase_frequency,correlated_with,repeat_purchase_rate,True
repeat_purchase_rate,customer_retention_rate,correlated_with,repeat_purchase_rate,True
repeat_purchase_rate,stg_purchases_count,correlated_with,repeat_purchase_rate,True
graduation_rate,advanced_course_enrollment_rate,parent_of,advanced_course_enrollment_rate,True
advanced_course_enrollment_rate,stg_enrollment_row,parent_of,advanced_course_enrollment_rate,True
advanced_course_enrollment_rate,college_enrollment,correlated_with,advanced_course_enrollment_rate,True
advanced_course_enrollment_rate,student_proficiency,correlated_with,advanced_course_enrollment_rate,True
clv,cross_sell_rate,parent_of,cross_sell_rate,True
cross_sell_rate,stg_purchases_count,parent_of,cross_sell_rate,True
cross_sell_rate,stg_products_active,parent_of,cross_sell_rate,True
cross_sell_rate,upsell_rate,correlated_with,cross_sell_rate,True
cross_sell_rate,aov,correlated_with,cross_sell_rate,True
cross_sell_rate,stg_products_active,correlated_with,cross_sell_rate,True
four_year_grad_rate,dropout_rate,parent_of,dropout_rate,True
dropout_rate,chronic_absenteeism_rate,parent_of,dropout_rate,True
dropout_rate,suspension_rate,parent_of,dropout_rate,True
dropout_rate,four_year_grad_rate,correlated_with,dropout_rate,True
dropout_rate,chronic_absenteeism_rate,correlated_with,dropout_rate,True
dropout_rate,course_completion_rate,correlated_with,dropout_rate,True
dropout_rate,expulsion_rate,correlated_with,dropout_rate,True
district_proficiency_rate,ela_proficiency_rate,parent_of,ela_proficiency_rate,True
ela_proficiency_rate,grade3_reading,parent_of,ela_proficiency_rate,True
ela_proficiency_rate,sgp,parent_of,ela_proficiency_rate,True
ela_proficiency_rate,student_attendance_rate,parent_of,ela_proficiency_rate,True
ela_proficiency_rate,math_proficiency_rate,correlated_with,ela_proficiency_rate,True
ela_proficiency_rate,student_attendance_rate,correlated_with,ela_proficiency_rate,True
ela_proficiency_rate,avg_teacher_experience,correlated_with,ela_proficiency_rate,True
ela_proficiency_rate,course_completion_rate,correlated_with,ela_proficiency_rate,True
ela_proficiency_rate,ell_pct,correlated_with,ela_proficiency_rate,True
ela_proficiency_rate,grade3_reading,correlated_with,ela_proficiency_rate,True
ela_proficiency_rate,iep_pct,correlated_with,ela_proficiency_rate,True
ela_proficiency_rate,instructional_spend_ratio,correlated_with,ela_proficiency_rate,True
student_proficiency,ell_proficiency_growth,parent_of,ell_proficiency_growth,True
ell_proficiency_growth,stg_student_assessment_row,parent_of,ell_proficiency_growth,True
ell_proficiency_growth,student_proficiency,correlated_with,ell_proficiency_growth,True
ell_proficiency_growth,attendance_rate,correlated_with,ell_proficiency_growth,True
college_enrollment,fafsa_completion_rate,parent_of,fafsa_completion_rate,True
college_enrollment_rate,fafsa_completion_rate,parent_of,fafsa_completion_rate,True
fafsa_completion_rate,college_enrollment,correlated_with,fafsa_completion_rate,True
fafsa_completion_rate,graduation_rate,correlated_with,fafsa_completion_rate,True
ela_proficiency_rate,grade3_reading,parent_of,grade3_reading,True
grade3_reading,kinder_readiness,parent_of,grade3_reading,True
grade3_reading,ela_proficiency_rate,correlated_with,grade3_reading,True
grade3_reading,student_attendance_rate,correlated_with,grade3_reading,True
grade3_reading,kinder_readiness,correlated_with,grade3_reading,True
student_proficiency,iep_goal_mastery_rate,parent_of,iep_goal_mastery_rate,True
iep_goal_mastery_rate,student_proficiency,correlated_with,iep_goal_mastery_rate,True
iep_goal_mastery_rate,attendance_rate,correlated_with,iep_goal_mastery_rate,True
grade3_reading,kinder_readiness,parent_of,kinder_readiness,True
kinder_readiness,grade3_reading,correlated_with,kinder_readiness,True
kinder_readiness,student_attendance_rate,correlated_with,kinder_readiness,True
district_proficiency_rate,math_proficiency_rate,parent_of,math_proficiency_rate,True
math_proficiency_rate,sgp,parent_of,math_proficiency_rate,True
math_proficiency_rate,ela_proficiency_rate,correlated_with,math_proficiency_rate,True
math_proficiency_rate,student_attendance_rate,correlated_with,math_proficiency_rate,True
student_proficiency,school_climate_score,parent_of,school_climate_score,True
school_climate_score,extracurricular_rate,parent_of,school_climate_score,True
school_climate_score,family_engagement_rate,parent_of,school_climate_score,True
school_climate_score,teacher_retention_rate,correlated_with,school_climate_score,True
school_climate_score,suspension_rate,correlated_with,school_climate_score,True
school_climate_score,student_attendance_rate,correlated_with,school_climate_score,True
school_climate_score,extracurricular_rate,correlated_with,school_climate_score,True
school_climate_score,family_engagement_rate,correlated_with,school_climate_score,True
student_proficiency,school_culture_score,parent_of,school_culture_score,True
school_culture_score,stg_survey_response_row,parent_of,school_culture_score,True
school_culture_score,employee_engagement_score,correlated_with,school_culture_score,True
school_culture_score,attendance_rate,correlated_with,school_culture_score,True
district_proficiency_rate,science_proficiency_rate,parent_of,science_proficiency_rate,True
per_pupil_expenditure,staff_student_cost_ratio,parent_of,staff_student_cost_ratio,True
staff_student_cost_ratio,headcount_cost,parent_of,staff_student_cost_ratio,True
staff_student_cost_ratio,teacher_retention_rate,correlated_with,staff_student_cost_ratio,True
staff_student_cost_ratio,per_pupil_expenditure,correlated_with,staff_student_cost_ratio,True
four_year_grad_rate,student_attendance_rate,parent_of,student_attendance_rate,True
ela_proficiency_rate,student_attendance_rate,parent_of,student_attendance_rate,True
student_attendance_rate,chronic_absenteeism_rate,parent_of,student_attendance_rate,True
student_attendance_rate,adm,parent_of,student_attendance_rate,True
student_attendance_rate,chronic_absenteeism_rate,correlated_with,student_attendance_rate,True
student_attendance_rate,sgp,correlated_with,student_attendance_rate,True
student_attendance_rate,ela_proficiency_rate,correlated_with,student_attendance_rate,True
student_attendance_rate,extracurricular_rate,correlated_with,student_attendance_rate,True
student_attendance_rate,family_engagement_rate,correlated_with,student_attendance_rate,True
student_attendance_rate,grade3_reading,correlated_with,student_attendance_rate,True
student_attendance_rate,kinder_readiness,correlated_with,student_attendance_rate,True
student_attendance_rate,math_proficiency_rate,correlated_with,student_attendance_rate,True
student_attendance_rate,school_climate_score,correlated_with,student_attendance_rate,True
student_proficiency,student_growth_percentile,parent_of,student_growth_percentile,True
student_growth_percentile,stg_student_assessment_row,parent_of,student_growth_percentile,True
student_growth_percentile,student_proficiency,correlated_with,student_growth_percentile,True
student_growth_percentile,attendance_rate,correlated_with,student_growth_percentile,True
per_pupil_expenditure,student_teacher_ratio,parent_of,student_teacher_ratio,True
student_teacher_ratio,per_pupil_expenditure,correlated_with,student_teacher_ratio,True
student_teacher_ratio,sgp,correlated_with,student_teacher_ratio,True
student_proficiency,teacher_retention_rate,parent_of,teacher_retention_rate,True
teacher_retention_rate,stg_employee_row,parent_of,teacher_retention_rate,True
teacher_retention_rate,employee_attrition_rate,correlated_with,teacher_retention_rate,True
teacher_retention_rate,student_proficiency,correlated_with,teacher_retention_rate,True
teacher_retention_rate,avg_teacher_experience,correlated_with,teacher_retention_rate,True
teacher_retention_rate,on_time_lesson_delivery,correlated_with,teacher_retention_rate,True
teacher_retention_rate,school_climate_score,correlated_with,teacher_retention_rate,True
teacher_retention_rate,staff_student_cost_ratio,correlated_with,teacher_retention_rate,True
teacher_retention_rate,teacher_student_ratio,correlated_with,teacher_retention_rate,True
per_pupil_expenditure,teacher_student_ratio,parent_of,teacher_student_ratio,True
teacher_student_ratio,enrollment_count,parent_of,teacher_student_ratio,True
teacher_student_ratio,headcount_fte,parent_of,teacher_student_ratio,True
teacher_student_ratio,student_proficiency,correlated_with,teacher_student_ratio,True
teacher_student_ratio,teacher_retention_rate,correlated_with,teacher_student_ratio,True
expansion_arr,upsell_rate,parent_of,upsell_rate,True
upsell_rate,stg_purchases_count,parent_of,upsell_rate,True
upsell_rate,cross_sell_rate,correlated_with,upsell_rate,True
upsell_rate,expansion_arr,correlated_with,upsell_rate,True
upsell_rate,nrr,correlated_with,upsell_rate,True
upsell_rate,expansion_pipeline,correlated_with,upsell_rate,True
chronic_absenteeism,absenteeism_by_subgroup,parent_of,absenteeism_by_subgroup,True
absenteeism_by_subgroup,stg_attendance_row,parent_of,absenteeism_by_subgroup,True
absenteeism_by_subgroup,chronic_absenteeism,correlated_with,absenteeism_by_subgroup,True
absenteeism_by_subgroup,student_proficiency,correlated_with,absenteeism_by_subgroup,True
workforce_productivity,absenteeism_rate,parent_of,absenteeism_rate,True
absenteeism_rate,engagement_score,correlated_with,absenteeism_rate,True
absenteeism_rate,turnover_rate,correlated_with,absenteeism_rate,True
absenteeism_rate,overtime_hours,correlated_with,absenteeism_rate,True
absenteeism_rate,remote_work_rate,correlated_with,absenteeism_rate,True
headcount,absenteeism_rate,formula_input,absenteeism_rate,True
dau_mau_ratio,activation_rate,parent_of,activation_rate,True
activation_rate,stg_user_event_row,parent_of,activation_rate,True
activation_rate,funnel_dropoff,parent_of,activation_rate,True
activation_rate,time_to_activate,parent_of,activation_rate,True
activation_rate,onboarding_completion_rate,correlated_with,activation_rate,True
activation_rate,time_to_value,correlated_with,activation_rate,True
activation_rate,app_downloads,correlated_with,activation_rate,True
activation_rate,d7_retention,correlated_with,activation_rate,True
activation_rate,feature_adoption,correlated_with,activation_rate,True
activation_rate,free_to_paid_rate,correlated_with,activation_rate,True
activation_rate,funnel_dropoff,correlated_with,activation_rate,True
activation_rate,new_user_signups,correlated_with,activation_rate,True
activation_rate,onboarding_time,correlated_with,activation_rate,True
activation_rate,time_to_activate,correlated_with,activation_rate,True
activation_rate,trial_signups,correlated_with,activation_rate,True
activation_rate,trial_to_paid_rate,correlated_with,activation_rate,True
activation_rate,user_signups,correlated_with,activation_rate,True
free_to_paid_rate,active_paying_users,parent_of,active_paying_users,True
active_paying_users,mau,parent_of,active_paying_users,True
active_paying_users,stg_subscriptions_active,parent_of,active_paying_users,True
active_paying_users,arr,correlated_with,active_paying_users,True
active_paying_users,free_to_paid_rate,correlated_with,active_paying_users,True
arr,acv,parent_of,acv,True
acv,stg_opportunity_row,parent_of,acv,True
acv,arr,correlated_with,acv,True
acv,new_arr,correlated_with,acv,True
acv,avg_deal_size,correlated_with,acv,True
acv,revenue_per_account,correlated_with,acv,True
college_enrollment_rate,ap_participation_rate,parent_of,ap_participation_rate,True
ap_participation_rate,school_enrollment,parent_of,ap_participation_rate,True
ap_participation_rate,ap_pass_rate,correlated_with,ap_participation_rate,True
ap_participation_rate,college_enrollment_rate,correlated_with,ap_participation_rate,True
college_enrollment_rate,ap_pass_rate,parent_of,ap_pass_rate,True
ap_pass_rate,college_enrollment_rate,correlated_with,ap_pass_rate,True
ap_pass_rate,district_proficiency_rate,correlated_with,ap_pass_rate,True
ap_pass_rate,ap_participation_rate,correlated_with,ap_pass_rate,True
nps,app_store_rating,parent_of,app_store_rating,True
app_store_rating,nps,correlated_with,app_store_rating,True
app_store_rating,csat,correlated_with,app_store_rating,True
app_store_rating,review_rating,correlated_with,app_store_rating,True
dso,ar_aging_90d,parent_of,ar_aging_90d,True
bad_debt_rate,ar_aging_90d,parent_of,ar_aging_90d,True
ar_aging_90d,stg_invoice_row,parent_of,ar_aging_90d,True
ar_aging_90d,dso,correlated_with,ar_aging_90d,True
ar_aging_90d,working_capital,correlated_with,ar_aging_90d,True
ar_aging_90d,bad_debt_rate,correlated_with,ar_aging_90d,True
customer_ltv,arpu,parent_of,arpu,True
revenue,arpu,parent_of,arpu,True
cac_payback,arpu,parent_of,arpu,True
payback_ratio,arpu,parent_of,arpu,True
arpu,revenue_per_account,parent_of,arpu,True
arpu,customer_ltv,correlated_with,arpu,True
arpu,churn_rate,correlated_with,arpu,True
arpu,customer_health_score,correlated_with,arpu,True
arpu,iap_revenue,correlated_with,arpu,True
arpu,revenue,correlated_with,arpu,True
arpu,revenue_per_account,correlated_with,arpu,True
revenue,asp,parent_of,asp,True
asp,stg_revenue_event_amount,parent_of,asp,True
asp,revenue,correlated_with,asp,True
asp,gross_margin,correlated_with,asp,True
churn_rate,at_risk_accounts,parent_of,at_risk_accounts,True
at_risk_accounts,account_health_score,parent_of,at_risk_accounts,True
at_risk_accounts,churn_rate,correlated_with,at_risk_accounts,True
at_risk_accounts,renewal_rate,correlated_with,at_risk_accounts,True
at_risk_accounts,account_health_score,correlated_with,at_risk_accounts,True
at_risk_accounts,expansion_pipeline,correlated_with,at_risk_accounts,True
student_proficiency,attendance_rate,parent_of,attendance_rate,True
attendance_rate,chronic_absenteeism,parent_of,attendance_rate,True
attendance_rate,average_daily_attendance,parent_of,attendance_rate,True
attendance_rate,stg_attendance_row,parent_of,attendance_rate,True
attendance_rate,student_proficiency,correlated_with,attendance_rate,True
attendance_rate,suspension_rate,correlated_with,attendance_rate,True
attendance_rate,ell_proficiency_growth,correlated_with,attendance_rate,True
attendance_rate,enrollment_count,correlated_with,attendance_rate,True
attendance_rate,graduation_rate,correlated_with,attendance_rate,True
attendance_rate,iep_goal_mastery_rate,correlated_with,attendance_rate,True
attendance_rate,on_time_lesson_delivery,correlated_with,attendance_rate,True
attendance_rate,per_pupil_expenditure,correlated_with,attendance_rate,True
attendance_rate,school_culture_score,correlated_with,attendance_rate,True
attendance_rate,student_growth_percentile,correlated_with,attendance_rate,True
attendance_rate,average_daily_attendance,parent_of,average_daily_attendance,True
average_daily_attendance,stg_attendance_row,parent_of,average_daily_attendance,True
average_daily_attendance,chronic_absenteeism,correlated_with,average_daily_attendance,True
average_daily_attendance,student_proficiency,correlated_with,average_daily_attendance,True
new_arr,avg_deal_size,parent_of,avg_deal_size,True
pipeline_generated,avg_deal_size,parent_of,avg_deal_size,True
avg_deal_size,bookings,parent_of,avg_deal_size,True
avg_deal_size,stg_opportunities_count,parent_of,avg_deal_size,True
avg_deal_size,acv,correlated_with,avg_deal_size,True
avg_deal_size,pipeline_coverage,correlated_with,avg_deal_size,True
avg_deal_size,competitive_win_rate,correlated_with,avg_deal_size,True
new_arr,avg_sales_cycle,parent_of,avg_sales_cycle,True
avg_sales_cycle,sql,parent_of,avg_sales_cycle,True
avg_sales_cycle,bookings,parent_of,avg_sales_cycle,True
avg_sales_cycle,sales_cycle_by_segment,parent_of,avg_sales_cycle,True
avg_sales_cycle,win_rate,correlated_with,avg_sales_cycle,True
avg_sales_cycle,cac_payback,correlated_with,avg_sales_cycle,True
avg_sales_cycle,sales_cycle_by_segment,correlated_with,avg_sales_cycle,True
dau_mau_ratio,avg_session_duration,parent_of,avg_session_duration,True
avg_session_duration,stg_user_event_row,parent_of,avg_session_duration,True
avg_session_duration,feature_adoption_rate,correlated_with,avg_session_duration,True
avg_session_duration,dau,correlated_with,avg_session_duration,True
avg_session_duration,bounce_rate,correlated_with,avg_session_duration,True
web_conversion_rate,bounce_rate,parent_of,bounce_rate,True
bounce_rate,stg_session_row,parent_of,bounce_rate,True
bounce_rate,web_conversion_rate,correlated_with,bounce_rate,True
bounce_rate,avg_session_duration,correlated_with,bounce_rate,True
bounce_rate,session_to_lead_rate,correlated_with,bounce_rate,True
bounce_rate,stg_page_views,correlated_with,bounce_rate,True
bounce_rate,website_sessions,correlated_with,bounce_rate,True
budget_variance_pct,budget_variance,parent_of,budget_variance,True
budget_variance,annual_budget,parent_of,budget_variance,True
budget_variance,forecast_accuracy,correlated_with,budget_variance,True
budget_variance,opex,correlated_with,budget_variance,True
budget_variance,annual_budget,correlated_with,budget_variance,True
budget_variance,headcount_vs_budget,correlated_with,budget_variance,True
ops_efficiency_ratio,budget_variance_pct,parent_of,budget_variance_pct,True
budget_variance_pct,budget_variance,parent_of,budget_variance_pct,True
budget_variance_pct,opex,correlated_with,budget_variance_pct,True
budget_variance_pct,ebitda_margin,correlated_with,budget_variance_pct,True
runway_months,burn_rate,parent_of,burn_rate,True
burn_rate,opex,parent_of,burn_rate,True
burn_rate,capex,parent_of,burn_rate,True
burn_rate,free_cash_flow,correlated_with,burn_rate,True
burn_rate,runway_months,correlated_with,burn_rate,True
burn_rate,cash_and_equivalents,correlated_with,burn_rate,True
ops_north_star,capacity_utilization,parent_of,capacity_utilization,True
capacity_utilization,throughput,parent_of,capacity_utilization,True
capacity_utilization,warehouse_utilization,correlated_with,capacity_utilization,True
capacity_utilization,cycle_time,correlated_with,capacity_utilization,True
capacity_utilization,throughput,correlated_with,capacity_utilization,True
ops_north_star,capacity_utilization_rate,parent_of,capacity_utilization_rate,True
capacity_utilization_rate,defect_rate,correlated_with,capacity_utilization_rate,True
capacity_utilization_rate,cost_per_unit,correlated_with,capacity_utilization_rate,True
capacity_utilization_rate,energy_cost_per_unit,correlated_with,capacity_utilization_rate,True
free_cash_flow,capex,parent_of,capex,True
burn_rate,capex,parent_of,capex,True
capex_pct_revenue,capex,parent_of,capex,True
capex,ebitda,correlated_with,capex,True
capex,rd_expense,correlated_with,capex,True
capex,da,correlated_with,capex,True
ops_efficiency_ratio,carbon_emissions_per_unit,parent_of,carbon_emissions_per_unit,True
carbon_emissions_per_unit,energy_cost_per_unit,correlated_with,carbon_emissions_per_unit,True
carbon_emissions_per_unit,cost_per_unit,correlated_with,carbon_emissions_per_unit,True
uptime,change_failure_rate,parent_of,change_failure_rate,True
change_failure_rate,deployment_frequency,parent_of,change_failure_rate,True
change_failure_rate,tech_debt_ratio,parent_of,change_failure_rate,True
change_failure_rate,mttr,correlated_with,change_failure_rate,True
change_failure_rate,bug_escape_rate,correlated_with,change_failure_rate,True
change_failure_rate,code_coverage,correlated_with,change_failure_rate,True
change_failure_rate,deployment_frequency,correlated_with,change_failure_rate,True
student_attendance_rate,chronic_absenteeism_rate,parent_of,chronic_absenteeism_rate,True
dropout_rate,chronic_absenteeism_rate,parent_of,chronic_absenteeism_rate,True
chronic_absenteeism_rate,suspension_rate,parent_of,chronic_absenteeism_rate,True
chronic_absenteeism_rate,student_attendance_rate,correlated_with,chronic_absenteeism_rate,True
chronic_absenteeism_rate,dropout_rate,correlated_with,chronic_absenteeism_rate,True
chronic_absenteeism_rate,ell_pct,correlated_with,chronic_absenteeism_rate,True
chronic_absenteeism_rate,frl_pct,correlated_with,chronic_absenteeism_rate,True
chronic_absenteeism_rate,suspension_rate,correlated_with,chronic_absenteeism_rate,True
ebitda,cogs,parent_of,cogs,True
gross_margin,cogs,parent_of,cogs,True
gross_margin_by_segment,cogs,parent_of,cogs,True
cogs,stg_cogs_event,parent_of,cogs,True
cogs,procurement_savings_rate,parent_of,cogs,True
cogs,shrinkage_rate,parent_of,cogs,True
cogs,revenue,correlated_with,cogs,True
cpl,cost_per_event_attendee,parent_of,cost_per_event_attendee,True
cost_per_event_attendee,event_attendees,correlated_with,cost_per_event_attendee,True
cost_per_event_attendee,cpl,correlated_with,cost_per_event_attendee,True
ops_efficiency_ratio,cost_per_mile,parent_of,cost_per_mile,True
cost_per_mile,stg_vehicle_trip_row,parent_of,cost_per_mile,True
cost_per_mile,fleet_utilization_rate,parent_of,cost_per_mile,True
cost_per_mile,fleet_utilization_rate,correlated_with,cost_per_mile,True
gross_margin,cost_per_unit,parent_of,cost_per_unit,True
cost_per_unit,energy_cost_per_unit,parent_of,cost_per_unit,True
cost_per_unit,defect_rate,correlated_with,cost_per_unit,True
cost_per_unit,capacity_utilization_rate,correlated_with,cost_per_unit,True
cost_per_unit,carbon_emissions_per_unit,correlated_with,cost_per_unit,True
cost_per_unit,procurement_savings_rate,correlated_with,cost_per_unit,True
cost_per_mql,cpl,parent_of,cpl,True
cpl,stg_ad_spend,parent_of,cpl,True
cpl,stg_leads_count,parent_of,cpl,True
cpl,cost_per_event_attendee,parent_of,cpl,True
cpl,cpc,parent_of,cpl,True
cpl,cost_per_mql,correlated_with,cpl,True
cpl,cpc,correlated_with,cpl,True
cpl,cost_per_event_attendee,correlated_with,cpl,True
cpl,stg_leads_count,correlated_with,cpl,True
cpc,cpm,parent_of,cpm,True
cpm,marketing_spend,parent_of,cpm,True
cpm,impressions,parent_of,cpm,True
cpm,ctr,correlated_with,cpm,True
cpm,cpc,correlated_with,cpm,True
graduation_rate,credit_accumulation_rate,parent_of,credit_accumulation_rate,True
credit_accumulation_rate,course_completion_rate,parent_of,credit_accumulation_rate,True
credit_accumulation_rate,graduation_rate,correlated_with,credit_accumulation_rate,True
credit_accumulation_rate,chronic_absenteeism,correlated_with,credit_accumulation_rate,True
working_capital,current_ratio,parent_of,current_ratio,True
current_ratio,cash_and_equivalents,parent_of,current_ratio,True
current_ratio,accounts_receivable,parent_of,current_ratio,True
current_ratio,accounts_payable,parent_of,current_ratio,True
current_ratio,total_assets,parent_of,current_ratio,True
current_ratio,working_capital,correlated_with,current_ratio,True
current_ratio,debt_to_equity,correlated_with,current_ratio,True
current_ratio,net_debt,correlated_with,current_ratio,True
current_ratio,quick_ratio,correlated_with,current_ratio,True
leverage_ratio,debt_ebitda,parent_of,debt_ebitda,True
debt_ebitda,ebitda_margin,correlated_with,debt_ebitda,True
debt_ebitda,free_cash_flow,correlated_with,debt_ebitda,True
debt_ebitda,interest_coverage_ratio,correlated_with,debt_ebitda,True
debt_ebitda,return_on_assets,correlated_with,debt_ebitda,True
debt_ebitda,return_on_equity,correlated_with,debt_ebitda,True
ebitda,debt_ebitda,formula_input,debt_ebitda,True
return_on_equity,debt_to_equity,parent_of,debt_to_equity,True
debt_to_equity,total_debt,parent_of,debt_to_equity,True
debt_to_equity,shareholder_equity,parent_of,debt_to_equity,True
debt_to_equity,leverage_ratio,correlated_with,debt_to_equity,True
debt_to_equity,current_ratio,correlated_with,debt_to_equity,True
debt_to_equity,interest_coverage,correlated_with,debt_to_equity,True
debt_to_equity,ev_ebitda,correlated_with,debt_to_equity,True
debt_to_equity,total_liabilities,correlated_with,debt_to_equity,True
keywords_top10,domain_authority,parent_of,domain_authority,True
domain_authority,backlink_count,parent_of,domain_authority,True
domain_authority,backlinks_count,parent_of,domain_authority,True
domain_authority,organic_traffic,correlated_with,domain_authority,True
domain_authority,keywords_top10,correlated_with,domain_authority,True
domain_authority,backlinks_count,correlated_with,domain_authority,True
domain_authority,backlink_count,correlated_with,domain_authority,True
domain_authority,content_published,correlated_with,domain_authority,True
domain_authority,oss_stars,correlated_with,domain_authority,True
domain_authority,pr_mentions,correlated_with,domain_authority,True
domain_authority,social_engagement_rate,correlated_with,domain_authority,True
working_capital,dpo,parent_of,dpo,True
dpo,accounts_payable,parent_of,dpo,True
dpo,cogs_stg,parent_of,dpo,True
dpo,dso,correlated_with,dpo,True
dpo,working_capital,correlated_with,dpo,True
dpo,accounts_payable,correlated_with,dpo,True
dpo,inventory_turnover,correlated_with,dpo,True
working_capital,dso,parent_of,dso,True
dso,accounts_receivable,parent_of,dso,True
dso,ar_aging_90d,parent_of,dso,True
dso,stg_invoice_row,parent_of,dso,True
dso,dpo,correlated_with,dso,True
dso,cash_and_equivalents,correlated_with,dso,True
dso,accounts_receivable,correlated_with,dso,True
dso,ar_aging_90d,correlated_with,dso,True
dso,bad_debt_rate,correlated_with,dso,True
dso,stg_invoices_count,correlated_with,dso,True
total_revenue,dso,formula_input,dso,True
share_of_voice,earned_media_value,parent_of,earned_media_value,True
earned_media_value,pr_mentions,parent_of,earned_media_value,True
earned_media_value,pr_mentions,correlated_with,earned_media_value,True
earned_media_value,social_engagement_rate,correlated_with,earned_media_value,True
ebitda,ebit,parent_of,ebit,True
interest_coverage,ebit,parent_of,ebit,True
ebitda,ebitda_margin,parent_of,ebitda_margin,True
rule_of_40,ebitda_margin,parent_of,ebitda_margin,True
ebitda_margin,gross_margin,correlated_with,ebitda_margin,True
ebitda_margin,budget_variance_pct,correlated_with,ebitda_margin,True
ebitda_margin,debt_ebitda,correlated_with,ebitda_margin,True
ebitda_margin,ebitda,correlated_with,ebitda_margin,True
ebitda_margin,ga_spend_pct,correlated_with,ebitda_margin,True
ebitda_margin,gna_pct_revenue,correlated_with,ebitda_margin,True
ebitda_margin,gross_margin_by_segment,correlated_with,ebitda_margin,True
ebitda_margin,gross_margin_pct,correlated_with,ebitda_margin,True
ebitda_margin,net_income_margin,correlated_with,ebitda_margin,True
ebitda_margin,net_margin,correlated_with,ebitda_margin,True
ebitda_margin,rd_as_pct_revenue,correlated_with,ebitda_margin,True
ebitda_margin,rd_spend_pct,correlated_with,ebitda_margin,True
ebitda_margin,revenue_per_employee,correlated_with,ebitda_margin,True
ebitda_margin,sg_and_a,correlated_with,ebitda_margin,True
net_income,effective_tax_rate,parent_of,effective_tax_rate,True
effective_tax_rate,ebitda,correlated_with,effective_tax_rate,True
effective_tax_rate,free_cash_flow,correlated_with,effective_tax_rate,True
per_pupil_expenditure,enrollment_count,parent_of,enrollment_count,True
teacher_student_ratio,enrollment_count,parent_of,enrollment_count,True
enrollment_count,stg_enrollment_row,parent_of,enrollment_count,True
enrollment_count,graduation_rate,correlated_with,enrollment_count,True
enrollment_count,attendance_rate,correlated_with,enrollment_count,True
enrollment_count,seat_fill_rate,correlated_with,enrollment_count,True
dau_mau_ratio,error_rate,parent_of,error_rate,True
error_rate,stg_error_event_row,parent_of,error_rate,True
error_rate,api_latency_p95,parent_of,error_rate,True
error_rate,bug_escape_rate,parent_of,error_rate,True
error_rate,product_uptime_sla,parent_of,error_rate,True
error_rate,csat,correlated_with,error_rate,True
error_rate,churn_rate,correlated_with,error_rate,True
error_rate,api_latency_p95,correlated_with,error_rate,True
error_rate,lead_time_for_changes,correlated_with,error_rate,True
error_rate,mttd,correlated_with,error_rate,True
error_rate,product_uptime_sla,correlated_with,error_rate,True
error_rate,uptime,correlated_with,error_rate,True
enterprise_value,ev_ebitda,parent_of,ev_ebitda,True
ev_ebitda,debt_to_equity,correlated_with,ev_ebitda,True
ev_ebitda,leverage_ratio,correlated_with,ev_ebitda,True
ev_ebitda,enterprise_value,correlated_with,ev_ebitda,True
ebitda,ev_ebitda,formula_input,ev_ebitda,True
enterprise_value,ev_ebitda,formula_input,ev_ebitda,True
expansion_arr,expansion_pipeline,parent_of,expansion_pipeline,True
expansion_pipeline,upsell_rate,correlated_with,expansion_pipeline,True
expansion_pipeline,nrr,correlated_with,expansion_pipeline,True
expansion_pipeline,at_risk_accounts,correlated_with,expansion_pipeline,True
csat,fcr_rate,parent_of,fcr_rate,True
fcr_rate,stg_support_tickets,parent_of,fcr_rate,True
fcr_rate,ticket_resolution_time,correlated_with,fcr_rate,True
fcr_rate,csat,correlated_with,fcr_rate,True
fcr_rate,stg_support_tickets,correlated_with,fcr_rate,True
fcr_rate,tickets_per_agent,correlated_with,fcr_rate,True
fcr_rate,tickets_resolved,correlated_with,fcr_rate,True
feature_adoption_rate,feature_adoption,parent_of,feature_adoption,True
feature_adoption,stg_events_count,parent_of,feature_adoption,True
feature_adoption,dau,parent_of,feature_adoption,True
feature_adoption,dau_mau_ratio,correlated_with,feature_adoption,True
feature_adoption,activation_rate,correlated_with,feature_adoption,True
feature_adoption,session_length,correlated_with,feature_adoption,True
feature_adoption,stg_events_count,correlated_with,feature_adoption,True
csat,first_response_time,parent_of,first_response_time,True
sla_breach_rate,first_response_time,parent_of,first_response_time,True
first_response_time,stg_ticket_row,parent_of,first_response_time,True
first_response_time,ces,correlated_with,first_response_time,True
first_response_time,csat,correlated_with,first_response_time,True
first_response_time,stg_support_tickets,correlated_with,first_response_time,True
first_response_time,ticket_backlog,correlated_with,first_response_time,True
first_response_time,ticket_resolution_rate,correlated_with,first_response_time,True
first_response_time,ticket_resolution_time,correlated_with,first_response_time,True
first_response_time,time_to_resolution,correlated_with,first_response_time,True
cost_per_mile,fleet_utilization_rate,parent_of,fleet_utilization_rate,True
fleet_utilization_rate,stg_vehicle_trip_row,parent_of,fleet_utilization_rate,True
fleet_utilization_rate,cost_per_mile,correlated_with,fleet_utilization_rate,True
ebitda,forecast_accuracy,parent_of,forecast_accuracy,True
forecast_accuracy,annual_budget,parent_of,forecast_accuracy,True
forecast_accuracy,budget_variance,correlated_with,forecast_accuracy,True
forecast_accuracy,revenue_vs_py,correlated_with,forecast_accuracy,True
forecast_accuracy,revenue_ytd,correlated_with,forecast_accuracy,True
total_revenue,forecast_accuracy,formula_input,forecast_accuracy,True
mql,form_conversion_rate,parent_of,form_conversion_rate,True
form_conversion_rate,website_sessions,parent_of,form_conversion_rate,True
form_conversion_rate,stg_leads_count,parent_of,form_conversion_rate,True
form_conversion_rate,session_to_lead_rate,correlated_with,form_conversion_rate,True
form_conversion_rate,lead_to_mql_rate,correlated_with,form_conversion_rate,True
form_conversion_rate,demo_requests,correlated_with,form_conversion_rate,True
form_conversion_rate,email_ctr,correlated_with,form_conversion_rate,True
form_conversion_rate,webinar_attendance_rate,correlated_with,form_conversion_rate,True
plg_rate,free_to_paid_rate,parent_of,free_to_paid_rate,True
trial_to_paid_rate,free_to_paid_rate,parent_of,free_to_paid_rate,True
free_to_paid_rate,trial_signups,parent_of,free_to_paid_rate,True
free_to_paid_rate,active_paying_users,parent_of,free_to_paid_rate,True
free_to_paid_rate,trial_to_paid_rate,correlated_with,free_to_paid_rate,True
free_to_paid_rate,activation_rate,correlated_with,free_to_paid_rate,True
free_to_paid_rate,active_paying_users,correlated_with,free_to_paid_rate,True
free_to_paid_rate,trial_signups,correlated_with,free_to_paid_rate,True
opex,ga_spend_pct,parent_of,ga_spend_pct,True
ga_spend_pct,opex,correlated_with,ga_spend_pct,True
ga_spend_pct,ebitda_margin,correlated_with,ga_spend_pct,True
employee_attrition_rate,gender_pay_gap,parent_of,gender_pay_gap,True
gender_pay_gap,total_comp_expense,parent_of,gender_pay_gap,True
gender_pay_gap,diversity_hire_rate,correlated_with,gender_pay_gap,True
gender_pay_gap,engagement_score,correlated_with,gender_pay_gap,True
revenue,gmv,parent_of,gmv,True
take_rate,gmv,parent_of,gmv,True
gmv,stg_revenue_event_amount,parent_of,gmv,True
gmv,liquidity_rate,parent_of,gmv,True
gmv,marketplace_buyers,parent_of,gmv,True
gmv,marketplace_sellers,parent_of,gmv,True
gmv,revenue,correlated_with,gmv,True
gmv,take_rate,correlated_with,gmv,True
student_proficiency,graduation_rate,parent_of,graduation_rate,True
college_enrollment,graduation_rate,parent_of,graduation_rate,True
graduation_rate,advanced_course_enrollment_rate,parent_of,graduation_rate,True
graduation_rate,credit_accumulation_rate,parent_of,graduation_rate,True
graduation_rate,attendance_rate,correlated_with,graduation_rate,True
graduation_rate,student_proficiency,correlated_with,graduation_rate,True
graduation_rate,college_enrollment,correlated_with,graduation_rate,True
graduation_rate,credit_accumulation_rate,correlated_with,graduation_rate,True
graduation_rate,enrollment_count,correlated_with,graduation_rate,True
graduation_rate,fafsa_completion_rate,correlated_with,graduation_rate,True
ebitda,gross_margin,parent_of,gross_margin,True
payback_period,gross_margin,parent_of,gross_margin,True
gross_margin,cogs,parent_of,gross_margin,True
gross_margin,cost_per_unit,parent_of,gross_margin,True
gross_margin,gross_margin_by_segment,parent_of,gross_margin,True
gross_margin,ebitda_margin,correlated_with,gross_margin,True
gross_margin,asp,correlated_with,gross_margin,True
gross_margin,gross_margin_by_segment,correlated_with,gross_margin,True
gross_margin,net_income_margin,correlated_with,gross_margin,True
gross_margin,procurement_savings_rate,correlated_with,gross_margin,True
gross_margin,gross_margin_by_segment,parent_of,gross_margin_by_segment,True
gross_margin_by_segment,gross_profit,parent_of,gross_margin_by_segment,True
gross_margin_by_segment,cogs,parent_of,gross_margin_by_segment,True
gross_margin_by_segment,ebitda_margin,correlated_with,gross_margin_by_segment,True
gross_margin_by_segment,gross_margin,correlated_with,gross_margin_by_segment,True
ebitda,gross_margin_pct,parent_of,gross_margin_pct,True
cac_payback,gross_margin_pct,parent_of,gross_margin_pct,True
gross_margin_pct,gross_profit,parent_of,gross_margin_pct,True
gross_margin_pct,ebitda_margin,correlated_with,gross_margin_pct,True
gross_margin_pct,net_margin,correlated_with,gross_margin_pct,True
gross_margin_pct,cogs_stg,correlated_with,gross_margin_pct,True
gross_margin_pct,gross_profit,correlated_with,gross_margin_pct,True
gross_margin_pct,ops_efficiency_ratio,correlated_with,gross_margin_pct,True
gross_margin_pct,revenue_by_product,correlated_with,gross_margin_pct,True
total_revenue,gross_margin_pct,formula_input,gross_margin_pct,True
ebitda,gross_profit,parent_of,gross_profit,True
gross_margin_pct,gross_profit,parent_of,gross_profit,True
gross_margin_by_segment,gross_profit,parent_of,gross_profit,True
gross_profit_per_employee,gross_profit,parent_of,gross_profit,True
gross_profit,cogs_stg,parent_of,gross_profit,True
gross_profit,gross_margin_pct,correlated_with,gross_profit,True
gross_profit,gross_profit_per_employee,correlated_with,gross_profit,True
total_revenue,gross_profit,formula_input,gross_profit,True
employee_lifetime_value,gross_profit_per_employee,parent_of,gross_profit_per_employee,True
gross_profit_per_employee,gross_profit,parent_of,gross_profit_per_employee,True
gross_profit_per_employee,revenue_per_employee,correlated_with,gross_profit_per_employee,True
gross_profit_per_employee,workforce_productivity,correlated_with,gross_profit_per_employee,True
gross_profit_per_employee,gross_profit,correlated_with,gross_profit_per_employee,True
headcount,gross_profit_per_employee,formula_input,gross_profit_per_employee,True
per_pupil_expenditure,instructional_spend_ratio,parent_of,instructional_spend_ratio,True
instructional_spend_ratio,per_pupil_expenditure,correlated_with,instructional_spend_ratio,True
instructional_spend_ratio,ela_proficiency_rate,correlated_with,instructional_spend_ratio,True
return_on_equity,interest_coverage,parent_of,interest_coverage,True
interest_coverage,ebit,parent_of,interest_coverage,True
interest_coverage,total_debt,parent_of,interest_coverage,True
interest_coverage,interest_coverage_ratio,parent_of,interest_coverage,True
interest_coverage,debt_to_equity,correlated_with,interest_coverage,True
interest_coverage,leverage_ratio,correlated_with,interest_coverage,True
interest_coverage,total_debt,correlated_with,interest_coverage,True
interest_coverage,interest_coverage_ratio,parent_of,interest_coverage_ratio,True
interest_coverage_ratio,debt_ebitda,correlated_with,interest_coverage_ratio,True
interest_coverage_ratio,free_cash_flow,correlated_with,interest_coverage_ratio,True
ebitda,interest_coverage_ratio,formula_input,interest_coverage_ratio,True
employee_attrition_rate,internal_promotion_rate,parent_of,internal_promotion_rate,True
internal_promotion_rate,stg_job_requisition_row,parent_of,internal_promotion_rate,True
internal_promotion_rate,employee_attrition_rate,correlated_with,internal_promotion_rate,True
internal_promotion_rate,time_to_fill,correlated_with,internal_promotion_rate,True
internal_promotion_rate,span_of_control,correlated_with,internal_promotion_rate,True
internal_promotion_rate,training_hours_per_employee,correlated_with,internal_promotion_rate,True
time_to_hire,interview_to_offer_rate,parent_of,interview_to_offer_rate,True
interview_to_offer_rate,offer_acceptance_rate,correlated_with,interview_to_offer_rate,True
interview_to_offer_rate,time_to_hire,correlated_with,interview_to_offer_rate,True
return_on_equity,leverage_ratio,parent_of,leverage_ratio,True
leverage_ratio,net_debt,parent_of,leverage_ratio,True
leverage_ratio,debt_ebitda,parent_of,leverage_ratio,True
leverage_ratio,debt_to_equity,correlated_with,leverage_ratio,True
leverage_ratio,interest_coverage,correlated_with,leverage_ratio,True
leverage_ratio,ev_ebitda,correlated_with,leverage_ratio,True
leverage_ratio,total_debt,correlated_with,leverage_ratio,True
ebitda,leverage_ratio,formula_input,leverage_ratio,True
gmv,liquidity_rate,parent_of,liquidity_rate,True
liquidity_rate,take_rate,correlated_with,liquidity_rate,True
liquidity_rate,marketplace_sellers,correlated_with,liquidity_rate,True
rule_of_40,magic_number,parent_of,magic_number,True
magic_number,new_arr,parent_of,magic_number,True
magic_number,sm_spend,parent_of,magic_number,True
magic_number,cac_payback,correlated_with,magic_number,True
magic_number,cac,correlated_with,magic_number,True
magic_number,ltv_cac,correlated_with,magic_number,True
magic_number,payback_ratio,correlated_with,magic_number,True
employee_engagement_score,manager_effectiveness_score,parent_of,manager_effectiveness_score,True
manager_effectiveness_score,stg_survey_response_row,parent_of,manager_effectiveness_score,True
manager_effectiveness_score,span_of_control,parent_of,manager_effectiveness_score,True
manager_effectiveness_score,employee_attrition_rate,correlated_with,manager_effectiveness_score,True
manager_effectiveness_score,employee_engagement_score,correlated_with,manager_effectiveness_score,True
revenue_growth_rate,market_share,parent_of,market_share,True
market_share,market_penetration_rate,parent_of,market_share,True
market_share,revenue_growth_rate,correlated_with,market_share,True
market_share,tam,correlated_with,market_share,True
market_share,revenue_by_region,correlated_with,market_share,True
market_share,sam,correlated_with,market_share,True
marketing_roi,marketing_influenced_pipeline,parent_of,marketing_influenced_pipeline,True
marketing_influenced_pipeline,stg_opportunity_row,parent_of,marketing_influenced_pipeline,True
marketing_influenced_pipeline,pipeline_value,correlated_with,marketing_influenced_pipeline,True
marketing_influenced_pipeline,roas,correlated_with,marketing_influenced_pipeline,True
cac,marketing_spend,parent_of,marketing_spend,True
cost_per_mql,marketing_spend,parent_of,marketing_spend,True
cost_per_sql,marketing_spend,parent_of,marketing_spend,True
cpm,marketing_spend,parent_of,marketing_spend,True
roas,marketing_spend,parent_of,marketing_spend,True
marketing_spend,stg_ad_spend_row,parent_of,marketing_spend,True
marketing_spend,revenue,correlated_with,marketing_spend,True
marketing_spend,mrr,correlated_with,marketing_spend,True
marketing_spend,sales_spend,correlated_with,marketing_spend,True
system_uptime,mtbf,parent_of,mtbf,True
mtbf,stg_downtime_event_row,parent_of,mtbf,True
mtbf,preventive_maintenance_rate,parent_of,mtbf,True
mtbf,preventive_maintenance_rate,correlated_with,mtbf,True
mtbf,system_uptime,correlated_with,mtbf,True
uptime,mttd,parent_of,mttd,True
mttd,incident_count,parent_of,mttd,True
mttd,stg_error_event_row,parent_of,mttd,True
mttd,mttr,correlated_with,mttd,True
mttd,error_rate,correlated_with,mttd,True
mttd,incident_count,correlated_with,mttd,True
system_uptime,mttr,parent_of,mttr,True
mttr,incident_count,parent_of,mttr,True
mttr,mttd,correlated_with,mttr,True
mttr,uptime,correlated_with,mttr,True
mttr,change_failure_rate,correlated_with,mttr,True
mttr,incident_count,correlated_with,mttr,True
mttr,rcr_rate,correlated_with,mttr,True
enterprise_value,net_debt,parent_of,net_debt,True
leverage_ratio,net_debt,parent_of,net_debt,True
net_debt,total_debt,parent_of,net_debt,True
net_debt,cash_and_equivalents,parent_of,net_debt,True
net_debt,current_ratio,correlated_with,net_debt,True
net_debt,runway_months,correlated_with,net_debt,True
net_debt,shareholder_equity,correlated_with,net_debt,True
return_on_equity,net_income,parent_of,net_income,True
net_income_margin,net_income,parent_of,net_income,True
net_margin,net_income,parent_of,net_income,True
operating_cash_flow,net_income,parent_of,net_income,True
roa,net_income,parent_of,net_income,True
roe,net_income,parent_of,net_income,True
roic,net_income,parent_of,net_income,True
net_income,effective_tax_rate,parent_of,net_income,True
net_income,free_cash_flow,correlated_with,net_income,True
net_income,ebitda,correlated_with,net_income,True
ebitda,net_income,formula_input,net_income,True
return_on_equity,net_income_margin,parent_of,net_income_margin,True
net_income_margin,net_income,parent_of,net_income_margin,True
net_income_margin,revenue,parent_of,net_income_margin,True
net_income_margin,ebitda_margin,correlated_with,net_income_margin,True
net_income_margin,gross_margin,correlated_with,net_income_margin,True
return_on_equity,net_margin,parent_of,net_margin,True
net_margin,net_income,parent_of,net_margin,True
net_margin,gross_margin_pct,correlated_with,net_margin,True
net_margin,ebitda_margin,correlated_with,net_margin,True
total_revenue,net_margin,formula_input,net_margin,True
marketing_cac,net_new_customers,parent_of,net_new_customers,True
net_new_customers,monthly_new_customers,parent_of,net_new_customers,True
net_new_customers,customer_churn_rate,parent_of,net_new_customers,True
net_new_customers,arr_growth_rate,correlated_with,net_new_customers,True
net_new_customers,cac,correlated_with,net_new_customers,True
net_new_customers,customer_count,correlated_with,net_new_customers,True
net_new_customers,stg_customer_count,correlated_with,net_new_customers,True
mau,new_user_signups,parent_of,new_user_signups,True
new_user_signups,stg_user_event_row,parent_of,new_user_signups,True
new_user_signups,app_downloads,parent_of,new_user_signups,True
new_user_signups,viral_coefficient,parent_of,new_user_signups,True
new_user_signups,activation_rate,correlated_with,new_user_signups,True
new_user_signups,mql_count,correlated_with,new_user_signups,True
time_to_fill,offer_acceptance_rate,parent_of,offer_acceptance_rate,True
offer_acceptance_rate,recruiting_pipeline,parent_of,offer_acceptance_rate,True
offer_acceptance_rate,new_hires,parent_of,offer_acceptance_rate,True
offer_acceptance_rate,time_to_hire,correlated_with,offer_acceptance_rate,True
offer_acceptance_rate,interview_to_offer_rate,correlated_with,offer_acceptance_rate,True
offer_acceptance_rate,recruiting_pipeline,correlated_with,offer_acceptance_rate,True
free_cash_flow,operating_cash_flow,parent_of,operating_cash_flow,True
operating_cash_flow,net_income,parent_of,operating_cash_flow,True
operating_cash_flow,da,parent_of,operating_cash_flow,True
operating_cash_flow,deferred_revenue,parent_of,operating_cash_flow,True
operating_cash_flow,ebitda,correlated_with,operating_cash_flow,True
operating_cash_flow,free_cash_flow,correlated_with,operating_cash_flow,True
ebitda,opex,parent_of,opex,True
burn_rate,opex,parent_of,opex,True
ops_efficiency_ratio,opex,parent_of,opex,True
opex,sg_and_a,parent_of,opex,True
opex,total_comp_expense,parent_of,opex,True
opex,ga_spend_pct,parent_of,opex,True
opex,gna_pct_revenue,parent_of,opex,True
opex,headcount_cost,parent_of,opex,True
opex,hr_cost_pct_revenue,parent_of,opex,True
opex,rd_as_pct_revenue,parent_of,opex,True
opex,rd_expense,parent_of,opex,True
opex,rd_spend_pct,parent_of,opex,True
opex,stg_opex_line,parent_of,opex,True
opex,ga_spend_pct,correlated_with,opex,True
opex,rd_spend_pct,correlated_with,opex,True
opex,annual_budget,correlated_with,opex,True
opex,budget_variance,correlated_with,opex,True
opex,budget_variance_pct,correlated_with,opex,True
opex,gna_pct_revenue,correlated_with,opex,True
opex,headcount_fte,correlated_with,opex,True
opex,headcount_vs_budget,correlated_with,opex,True
opex,hr_cost_pct_revenue,correlated_with,opex,True
ops_north_star,order_accuracy_rate,parent_of,order_accuracy_rate,True
order_accuracy_rate,stg_shipment_row,parent_of,order_accuracy_rate,True
order_accuracy_rate,fill_rate,correlated_with,order_accuracy_rate,True
order_accuracy_rate,on_time_delivery_rate,correlated_with,order_accuracy_rate,True
order_accuracy_rate,defect_rate,correlated_with,order_accuracy_rate,True
order_accuracy_rate,return_rate,correlated_with,order_accuracy_rate,True
marketing_roi,paid_attribution_pct,parent_of,paid_attribution_pct,True
paid_attribution_pct,stg_ad_spend,parent_of,paid_attribution_pct,True
paid_attribution_pct,organic_attribution_pct,correlated_with,paid_attribution_pct,True
paid_attribution_pct,roas,correlated_with,paid_attribution_pct,True
mql,paid_attribution_pct,formula_input,paid_attribution_pct,True
website_sessions,paid_sessions,parent_of,paid_sessions,True
paid_sessions,stg_session_row,parent_of,paid_sessions,True
paid_sessions,organic_sessions,correlated_with,paid_sessions,True
paid_sessions,roas,correlated_with,paid_sessions,True
ltv_cac,payback_period,parent_of,payback_period,True
payback_period,cac,parent_of,payback_period,True
payback_period,mrr,parent_of,payback_period,True
payback_period,gross_margin,parent_of,payback_period,True
payback_period,churn_rate,correlated_with,payback_period,True
payback_period,arr,correlated_with,payback_period,True
ltv_cac,payback_ratio,parent_of,payback_ratio,True
payback_ratio,cac,parent_of,payback_ratio,True
payback_ratio,arpu,parent_of,payback_ratio,True
payback_ratio,cac_payback,correlated_with,payback_ratio,True
payback_ratio,ltv_cac,correlated_with,payback_ratio,True
payback_ratio,magic_number,correlated_with,payback_ratio,True
cost_per_outcome,per_pupil_expenditure,parent_of,per_pupil_expenditure,True
student_proficiency,per_pupil_expenditure,parent_of,per_pupil_expenditure,True
per_pupil_expenditure,enrollment_count,parent_of,per_pupil_expenditure,True
per_pupil_expenditure,instructional_spend_ratio,parent_of,per_pupil_expenditure,True
per_pupil_expenditure,seat_fill_rate,parent_of,per_pupil_expenditure,True
per_pupil_expenditure,staff_student_cost_ratio,parent_of,per_pupil_expenditure,True
per_pupil_expenditure,student_teacher_ratio,parent_of,per_pupil_expenditure,True
per_pupil_expenditure,teacher_student_ratio,parent_of,per_pupil_expenditure,True
per_pupil_expenditure,attendance_rate,correlated_with,per_pupil_expenditure,True
per_pupil_expenditure,adm,correlated_with,per_pupil_expenditure,True
per_pupil_expenditure,cost_per_outcome,correlated_with,per_pupil_expenditure,True
per_pupil_expenditure,frl_pct,correlated_with,per_pupil_expenditure,True
per_pupil_expenditure,iep_pct,correlated_with,per_pupil_expenditure,True
per_pupil_expenditure,instructional_spend_ratio,correlated_with,per_pupil_expenditure,True
per_pupil_expenditure,school_enrollment,correlated_with,per_pupil_expenditure,True
per_pupil_expenditure,seat_fill_rate,correlated_with,per_pupil_expenditure,True
per_pupil_expenditure,staff_student_cost_ratio,correlated_with,per_pupil_expenditure,True
per_pupil_expenditure,student_teacher_ratio,correlated_with,per_pupil_expenditure,True
new_arr,pipeline_coverage,parent_of,pipeline_coverage,True
pipeline_coverage,pipeline_value,parent_of,pipeline_coverage,True
pipeline_coverage,quota_attainment,parent_of,pipeline_coverage,True
pipeline_coverage,win_rate,correlated_with,pipeline_coverage,True
pipeline_coverage,new_arr,correlated_with,pipeline_coverage,True
pipeline_coverage,avg_deal_size,correlated_with,pipeline_coverage,True
pipeline_coverage,pipeline_generated,correlated_with,pipeline_coverage,True
pipeline_coverage,pipeline_value,parent_of,pipeline_value,True
pipeline_value,stg_opportunity_row,parent_of,pipeline_value,True
pipeline_value,sql_count,parent_of,pipeline_value,True
pipeline_value,new_arr,correlated_with,pipeline_value,True
pipeline_value,win_rate,correlated_with,pipeline_value,True
pipeline_value,marketing_influenced_pipeline,correlated_with,pipeline_value,True
new_arr,plg_rate,parent_of,plg_rate,True
plg_rate,trial_signups,parent_of,plg_rate,True
plg_rate,free_to_paid_rate,parent_of,plg_rate,True
plg_rate,trial_to_paid_rate,parent_of,plg_rate,True
plg_rate,viral_coefficient,correlated_with,plg_rate,True
plg_rate,trial_to_paid_rate,correlated_with,plg_rate,True
mtbf,preventive_maintenance_rate,parent_of,preventive_maintenance_rate,True
preventive_maintenance_rate,stg_work_order_row,parent_of,preventive_maintenance_rate,True
preventive_maintenance_rate,work_order_resolution_time,correlated_with,preventive_maintenance_rate,True
preventive_maintenance_rate,mtbf,correlated_with,preventive_maintenance_rate,True
preventive_maintenance_rate,system_uptime,correlated_with,preventive_maintenance_rate,True
dau,push_open_rate,parent_of,push_open_rate,True
push_open_rate,email_open_rate,correlated_with,push_open_rate,True
push_open_rate,dau_mau_ratio,correlated_with,push_open_rate,True
working_capital,quick_ratio,parent_of,quick_ratio,True
quick_ratio,current_ratio,correlated_with,quick_ratio,True
quick_ratio,working_capital,correlated_with,quick_ratio,True
new_arr,quota_attainment,parent_of,quota_attainment,True
pct_reps_at_quota,quota_attainment,parent_of,quota_attainment,True
pipeline_coverage,quota_attainment,parent_of,quota_attainment,True
quota_attainment,stg_opportunity_row,parent_of,quota_attainment,True
quota_attainment,win_rate,correlated_with,quota_attainment,True
quota_attainment,new_arr,correlated_with,quota_attainment,True
quota_attainment,arr_per_rep,correlated_with,quota_attainment,True
quota_attainment,pct_reps_at_quota,correlated_with,quota_attainment,True
quota_attainment,sales_headcount,correlated_with,quota_attainment,True
opex,rd_expense,parent_of,rd_expense,True
rd_as_pct_revenue,rd_expense,parent_of,rd_expense,True
rd_expense,rd_as_pct_revenue,correlated_with,rd_expense,True
rd_expense,capex,correlated_with,rd_expense,True
opex,rd_spend_pct,parent_of,rd_spend_pct,True
rd_spend_pct,rd_headcount_pct,correlated_with,rd_spend_pct,True
rd_spend_pct,ebitda_margin,correlated_with,rd_spend_pct,True
rd_spend_pct,opex,correlated_with,rd_spend_pct,True
marketing_roi,referral_attribution_pct,parent_of,referral_attribution_pct,True
referral_attribution_pct,organic_attribution_pct,correlated_with,referral_attribution_pct,True
referral_attribution_pct,viral_coefficient,correlated_with,referral_attribution_pct,True
mql,referral_attribution_pct,formula_input,referral_attribution_pct,True
return_on_equity,return_on_assets,parent_of,return_on_assets,True
return_on_assets,return_on_equity,correlated_with,return_on_assets,True
return_on_assets,debt_ebitda,correlated_with,return_on_assets,True
customer_concentration_risk,rev_concentration_top10,parent_of,rev_concentration_top10,True
rev_concentration_top10,customer_concentration_risk,correlated_with,rev_concentration_top10,True
rev_concentration_top10,nrr,correlated_with,rev_concentration_top10,True
total_revenue,rev_concentration_top10,formula_input,rev_concentration_top10,True
total_revenue,rev_from_existing,parent_of,rev_from_existing,True
rev_from_existing,nrr,correlated_with,rev_from_existing,True
rev_from_existing,expansion_arr,correlated_with,rev_from_existing,True
total_revenue,rev_from_new_customers,parent_of,rev_from_new_customers,True
rev_from_new_customers,cac,correlated_with,rev_from_new_customers,True
rev_from_new_customers,new_arr,correlated_with,rev_from_new_customers,True
nps,review_rating,parent_of,review_rating,True
review_rating,nps,correlated_with,review_rating,True
review_rating,csat,correlated_with,review_rating,True
review_rating,app_store_rating,correlated_with,review_rating,True
review_rating,testimonials_count,correlated_with,review_rating,True
return_on_equity,roa,parent_of,roa,True
roa,net_income,parent_of,roa,True
roa,total_assets,parent_of,roa,True
roa,roe,correlated_with,roa,True
roa,roic,correlated_with,roa,True
return_on_equity,roe,parent_of,roe,True
roe,net_income,parent_of,roe,True
roe,shareholder_equity,parent_of,roe,True
roe,roa,correlated_with,roe,True
roe,roic,correlated_with,roe,True
roe,shareholder_equity,correlated_with,roe,True
enterprise_value,roic,parent_of,roic,True
roic,net_income,parent_of,roic,True
roic,total_assets,parent_of,roic,True
roic,total_debt,parent_of,roic,True
roic,roe,correlated_with,roic,True
roic,roa,correlated_with,roic,True
free_cash_flow,runway_months,parent_of,runway_months,True
runway_months,burn_rate,parent_of,runway_months,True
runway_months,burn_rate,correlated_with,runway_months,True
runway_months,free_cash_flow,correlated_with,runway_months,True
runway_months,cash_and_equivalents,correlated_with,runway_months,True
runway_months,net_debt,correlated_with,runway_months,True
new_arr,sales_cycle_length,parent_of,sales_cycle_length,True
sales_cycle_length,stg_opportunity_row,parent_of,sales_cycle_length,True
sales_cycle_length,cac,correlated_with,sales_cycle_length,True
sales_cycle_length,win_rate,correlated_with,sales_cycle_length,True
cac,sales_spend,parent_of,sales_spend,True
sg_and_a,sales_spend,parent_of,sales_spend,True
sales_spend,stg_payroll_row,parent_of,sales_spend,True
sales_spend,marketing_spend,correlated_with,sales_spend,True
sales_spend,cac,correlated_with,sales_spend,True
dau_mau_ratio,session_length,parent_of,session_length,True
session_length,dau_mau_ratio,correlated_with,session_length,True
session_length,feature_adoption,correlated_with,session_length,True
session_length,sessions_per_user,correlated_with,session_length,True
session_length,stg_sessions_count,correlated_with,session_length,True
dau_mau_ratio,sessions_per_user,parent_of,sessions_per_user,True
sessions_per_user,stg_sessions_count,parent_of,sessions_per_user,True
sessions_per_user,dau_mau_ratio,correlated_with,sessions_per_user,True
sessions_per_user,session_length,correlated_with,sessions_per_user,True
opex,sg_and_a,parent_of,sg_and_a,True
gna_pct_revenue,sg_and_a,parent_of,sg_and_a,True
sg_and_a,sales_spend,parent_of,sg_and_a,True
sg_and_a,ebitda_margin,correlated_with,sg_and_a,True
ela_proficiency_rate,sgp,parent_of,sgp,True
math_proficiency_rate,sgp,parent_of,sgp,True
sgp,district_proficiency_rate,correlated_with,sgp,True
sgp,student_attendance_rate,correlated_with,sgp,True
sgp,student_teacher_ratio,correlated_with,sgp,True
marketing_roi,share_of_voice,parent_of,share_of_voice,True
share_of_voice,social_followers,parent_of,share_of_voice,True
share_of_voice,earned_media_value,parent_of,share_of_voice,True
share_of_voice,social_engagement_rate,parent_of,share_of_voice,True
share_of_voice,organic_sessions,correlated_with,share_of_voice,True
share_of_voice,impressions,correlated_with,share_of_voice,True
chronic_absenteeism_rate,suspension_rate,parent_of,suspension_rate,True
dropout_rate,suspension_rate,parent_of,suspension_rate,True
suspension_rate,expulsion_rate,parent_of,suspension_rate,True
suspension_rate,stg_discipline_row,parent_of,suspension_rate,True
suspension_rate,chronic_absenteeism_rate,correlated_with,suspension_rate,True
suspension_rate,school_climate_score,correlated_with,suspension_rate,True
suspension_rate,attendance_rate,correlated_with,suspension_rate,True
suspension_rate,expulsion_rate,correlated_with,suspension_rate,True
revenue,take_rate,parent_of,take_rate,True
take_rate,gmv,parent_of,take_rate,True
take_rate,gmv,correlated_with,take_rate,True
take_rate,revenue,correlated_with,take_rate,True
take_rate,liquidity_rate,correlated_with,take_rate,True
take_rate,marketplace_sellers,correlated_with,take_rate,True
change_failure_rate,tech_debt_ratio,parent_of,tech_debt_ratio,True
tech_debt_ratio,code_coverage,correlated_with,tech_debt_ratio,True
tech_debt_ratio,bug_escape_rate,correlated_with,tech_debt_ratio,True
tech_debt_ratio,sprint_velocity,correlated_with,tech_debt_ratio,True
activation_rate,time_to_activate,parent_of,time_to_activate,True
time_to_activate,activation_rate,correlated_with,time_to_activate,True
time_to_activate,time_to_value,correlated_with,time_to_activate,True
headcount_vs_budget,time_to_fill,parent_of,time_to_fill,True
time_to_fill,stg_job_requisition_row,parent_of,time_to_fill,True
time_to_fill,offer_acceptance_rate,parent_of,time_to_fill,True
time_to_fill,time_to_hire,parent_of,time_to_fill,True
time_to_fill,headcount_fte,correlated_with,time_to_fill,True
time_to_fill,cac,correlated_with,time_to_fill,True
time_to_fill,cost_per_hire,correlated_with,time_to_fill,True
time_to_fill,internal_promotion_rate,correlated_with,time_to_fill,True
time_to_fill,new_hires,correlated_with,time_to_fill,True
time_to_fill,open_requisitions,correlated_with,time_to_fill,True
time_to_fill,time_to_hire,correlated_with,time_to_fill,True
csat,time_to_resolution,parent_of,time_to_resolution,True
time_to_resolution,stg_ticket_row,parent_of,time_to_resolution,True
time_to_resolution,first_response_time,correlated_with,time_to_resolution,True
time_to_resolution,csat,correlated_with,time_to_resolution,True
dau_mau_ratio,time_to_value,parent_of,time_to_value,True
time_to_value,stg_user_event_row,parent_of,time_to_value,True
time_to_value,onboarding_completion_rate,parent_of,time_to_value,True
time_to_value,onboarding_time,parent_of,time_to_value,True
time_to_value,churn_rate,correlated_with,time_to_value,True
time_to_value,feature_adoption_rate,correlated_with,time_to_value,True
time_to_value,activation_rate,correlated_with,time_to_value,True
time_to_value,customer_onboarding_time,correlated_with,time_to_value,True
time_to_value,onboarding_time,correlated_with,time_to_value,True
time_to_value,time_to_activate,correlated_with,time_to_value,True
employee_engagement_score,training_hours_per_employee,parent_of,training_hours_per_employee,True
training_hours_per_employee,stg_employee_row,parent_of,training_hours_per_employee,True
training_hours_per_employee,employee_engagement_score,correlated_with,training_hours_per_employee,True
training_hours_per_employee,internal_promotion_rate,correlated_with,training_hours_per_employee,True
plg_rate,trial_to_paid_rate,parent_of,trial_to_paid_rate,True
trial_to_paid_rate,trial_signups,parent_of,trial_to_paid_rate,True
trial_to_paid_rate,free_to_paid_rate,parent_of,trial_to_paid_rate,True
trial_to_paid_rate,free_to_paid_rate,correlated_with,trial_to_paid_rate,True
trial_to_paid_rate,activation_rate,correlated_with,trial_to_paid_rate,True
trial_to_paid_rate,plg_rate,correlated_with,trial_to_paid_rate,True
trial_to_paid_rate,viral_coefficient,correlated_with,trial_to_paid_rate,True
mql_count,unsubscribe_rate,parent_of,unsubscribe_rate,True
unsubscribe_rate,stg_email_send_row,parent_of,unsubscribe_rate,True
unsubscribe_rate,email_unsub_rate,parent_of,unsubscribe_rate,True
unsubscribe_rate,email_open_rate,correlated_with,unsubscribe_rate,True
new_user_signups,viral_coefficient,parent_of,viral_coefficient,True
viral_coefficient,user_signups,parent_of,viral_coefficient,True
viral_coefficient,oss_stars,parent_of,viral_coefficient,True
viral_coefficient,plg_rate,correlated_with,viral_coefficient,True
viral_coefficient,trial_to_paid_rate,correlated_with,viral_coefficient,True
viral_coefficient,oss_stars,correlated_with,viral_coefficient,True
viral_coefficient,referral_attribution_pct,correlated_with,viral_coefficient,True
mql_count,web_conversion_rate,parent_of,web_conversion_rate,True
web_conversion_rate,website_sessions,parent_of,web_conversion_rate,True
web_conversion_rate,bounce_rate,parent_of,web_conversion_rate,True
web_conversion_rate,ctr,correlated_with,web_conversion_rate,True
web_conversion_rate,cost_per_mql,correlated_with,web_conversion_rate,True
web_conversion_rate,ad_clicks,correlated_with,web_conversion_rate,True
web_conversion_rate,bounce_rate,correlated_with,web_conversion_rate,True
web_conversion_rate,email_click_rate,correlated_with,web_conversion_rate,True
web_conversion_rate,organic_sessions,correlated_with,web_conversion_rate,True
web_conversion_rate,website_sessions,correlated_with,web_conversion_rate,True
form_conversion_rate,website_sessions,parent_of,website_sessions,True
session_to_lead_rate,website_sessions,parent_of,website_sessions,True
web_conversion_rate,website_sessions,parent_of,website_sessions,True
website_sessions,organic_sessions,parent_of,website_sessions,True
website_sessions,stg_session_row,parent_of,website_sessions,True
website_sessions,organic_traffic,parent_of,website_sessions,True
website_sessions,paid_sessions,parent_of,website_sessions,True
website_sessions,paid_traffic,parent_of,website_sessions,True
website_sessions,referral_sessions,parent_of,website_sessions,True
website_sessions,stg_page_view_row,parent_of,website_sessions,True
website_sessions,stg_page_views,parent_of,website_sessions,True
website_sessions,mql_count,correlated_with,website_sessions,True
website_sessions,web_conversion_rate,correlated_with,website_sessions,True
website_sessions,bounce_rate,correlated_with,website_sessions,True
website_sessions,stg_page_views,correlated_with,website_sessions,True
new_arr,win_rate,parent_of,win_rate,True
win_rate,stg_opportunity_row,parent_of,win_rate,True
win_rate,competitive_win_rate,parent_of,win_rate,True
win_rate,sales_cycle_length,correlated_with,win_rate,True
win_rate,cac,correlated_with,win_rate,True
win_rate,avg_sales_cycle,correlated_with,win_rate,True
win_rate,competitive_win_rate,correlated_with,win_rate,True
win_rate,mql_to_sql_rate,correlated_with,win_rate,True
win_rate,pct_reps_at_quota,correlated_with,win_rate,True
win_rate,pipeline_coverage,correlated_with,win_rate,True
win_rate,pipeline_value,correlated_with,win_rate,True
win_rate,quota_attainment,correlated_with,win_rate,True
win_rate,sales_cycle_by_segment,correlated_with,win_rate,True
win_rate,sql,correlated_with,win_rate,True
win_rate,sql_count,correlated_with,win_rate,True
system_uptime,work_order_resolution_time,parent_of,work_order_resolution_time,True
work_order_resolution_time,stg_work_order_row,parent_of,work_order_resolution_time,True
work_order_resolution_time,preventive_maintenance_rate,correlated_with,work_order_resolution_time,True
employee_lifetime_value,workforce_productivity,parent_of,workforce_productivity,True
workforce_productivity,absenteeism_rate,parent_of,workforce_productivity,True
workforce_productivity,overtime_hours,parent_of,workforce_productivity,True
workforce_productivity,safety_incident_rate,parent_of,workforce_productivity,True
workforce_productivity,revenue_per_employee,correlated_with,workforce_productivity,True
workforce_productivity,gross_profit_per_employee,correlated_with,workforce_productivity,True
workforce_productivity,overtime_hours,correlated_with,workforce_productivity,True
headcount,workforce_productivity,formula_input,workforce_productivity,True
total_revenue,workforce_productivity,formula_input,workforce_productivity,True
free_cash_flow,working_capital,parent_of,working_capital,True
working_capital,current_ratio,parent_of,working_capital,True
working_capital,accounts_payable,parent_of,working_capital,True
working_capital,accounts_receivable,parent_of,working_capital,True
working_capital,cash_and_equivalents,parent_of,working_capital,True
working_capital,dpo,parent_of,working_capital,True
working_capital,dso,parent_of,working_capital,True
working_capital,inventory_turnover,parent_of,working_capital,True
working_capital,quick_ratio,parent_of,working_capital,True
working_capital,free_cash_flow,correlated_with,working_capital,True
working_capital,accounts_payable,correlated_with,working_capital,True
working_capital,ar_aging_90d,correlated_with,working_capital,True
working_capital,current_ratio,correlated_with,working_capital,True
working_capital,dpo,correlated_with,working_capital,True
working_capital,quick_ratio,correlated_with,working_capital,True
employee_lifetime_value,avg_tenure,parent_of,avg_tenure,True
avg_tenure,voluntary_turnover,correlated_with,avg_tenure,True
avg_tenure,engagement_score,correlated_with,avg_tenure,True
employee_attrition_rate,compensation_ratio,parent_of,compensation_ratio,True
compensation_ratio,stg_payroll_row,parent_of,compensation_ratio,True
compensation_ratio,employee_attrition_rate,correlated_with,compensation_ratio,True
compensation_ratio,headcount_cost,correlated_with,compensation_ratio,True
cx_csat,complaint_resolution_rate,parent_of,complaint_resolution_rate,True
complaint_resolution_rate,csat,correlated_with,complaint_resolution_rate,True
complaint_resolution_rate,sla_breach_rate,correlated_with,complaint_resolution_rate,True
complaint_resolution_rate,complaints_count,correlated_with,complaint_resolution_rate,True
hr_cost_pct_revenue,cost_per_hire,parent_of,cost_per_hire,True
cost_per_hire,total_comp_expense,parent_of,cost_per_hire,True
cost_per_hire,new_hires,parent_of,cost_per_hire,True
cost_per_hire,time_to_fill,correlated_with,cost_per_hire,True
cost_per_hire,hr_cost_pct_revenue,correlated_with,cost_per_hire,True
cost_per_hire,new_hires,correlated_with,cost_per_hire,True
cost_per_hire,total_comp_expense,correlated_with,cost_per_hire,True
credit_accumulation_rate,course_completion_rate,parent_of,course_completion_rate,True
course_completion_rate,dropout_rate,correlated_with,course_completion_rate,True
course_completion_rate,ela_proficiency_rate,correlated_with,course_completion_rate,True
headcount,diversity_hire_rate,parent_of,diversity_hire_rate,True
diversity_hire_rate,gender_pay_gap,correlated_with,diversity_hire_rate,True
diversity_hire_rate,engagement_score,correlated_with,diversity_hire_rate,True
turnover_rate,employee_attrition_rate,parent_of,employee_attrition_rate,True
employee_attrition_rate,stg_employee_row,parent_of,employee_attrition_rate,True
employee_attrition_rate,compensation_ratio,parent_of,employee_attrition_rate,True
employee_attrition_rate,gender_pay_gap,parent_of,employee_attrition_rate,True
employee_attrition_rate,internal_promotion_rate,parent_of,employee_attrition_rate,True
employee_attrition_rate,headcount_fte,correlated_with,employee_attrition_rate,True
employee_attrition_rate,employee_engagement_score,correlated_with,employee_attrition_rate,True
employee_attrition_rate,compensation_ratio,correlated_with,employee_attrition_rate,True
employee_attrition_rate,employee_lifetime_value,correlated_with,employee_attrition_rate,True
employee_attrition_rate,internal_promotion_rate,correlated_with,employee_attrition_rate,True
employee_attrition_rate,manager_effectiveness_score,correlated_with,employee_attrition_rate,True
employee_attrition_rate,safety_incident_rate,correlated_with,employee_attrition_rate,True
employee_attrition_rate,teacher_retention_rate,correlated_with,employee_attrition_rate,True
voluntary_turnover,employee_engagement_score,parent_of,employee_engagement_score,True
employee_engagement_score,stg_survey_response_row,parent_of,employee_engagement_score,True
employee_engagement_score,manager_effectiveness_score,parent_of,employee_engagement_score,True
employee_engagement_score,training_hours_per_employee,parent_of,employee_engagement_score,True
employee_engagement_score,employee_attrition_rate,correlated_with,employee_engagement_score,True
employee_engagement_score,headcount_cost,correlated_with,employee_engagement_score,True
employee_engagement_score,employee_lifetime_value,correlated_with,employee_engagement_score,True
employee_engagement_score,manager_effectiveness_score,correlated_with,employee_engagement_score,True
employee_engagement_score,school_culture_score,correlated_with,employee_engagement_score,True
employee_engagement_score,training_hours_per_employee,correlated_with,employee_engagement_score,True
voluntary_turnover,engagement_score,parent_of,engagement_score,True
engagement_score,benefits_utilization,parent_of,engagement_score,True
engagement_score,enps,parent_of,engagement_score,True
engagement_score,remote_work_rate,parent_of,engagement_score,True
engagement_score,enps,correlated_with,engagement_score,True
engagement_score,turnover_rate,correlated_with,engagement_score,True
engagement_score,voluntary_turnover,correlated_with,engagement_score,True
engagement_score,absenteeism_rate,correlated_with,engagement_score,True
engagement_score,avg_tenure,correlated_with,engagement_score,True
engagement_score,benefits_utilization,correlated_with,engagement_score,True
engagement_score,diversity_hire_rate,correlated_with,engagement_score,True
engagement_score,gender_pay_gap,correlated_with,engagement_score,True
engagement_score,regrettable_attrition,correlated_with,engagement_score,True
engagement_score,remote_work_rate,correlated_with,engagement_score,True
engagement_score,survey_response_rate,correlated_with,engagement_score,True
opex,headcount_cost,parent_of,headcount_cost,True
employee_lifetime_value,headcount_cost,parent_of,headcount_cost,True
staff_student_cost_ratio,headcount_cost,parent_of,headcount_cost,True
headcount_cost,stg_payroll_row,parent_of,headcount_cost,True
headcount_cost,headcount_fte,correlated_with,headcount_cost,True
headcount_cost,revenue_per_employee,correlated_with,headcount_cost,True
headcount_cost,compensation_ratio,correlated_with,headcount_cost,True
headcount_cost,employee_engagement_score,correlated_with,headcount_cost,True
headcount_cost,safety_incident_rate,correlated_with,headcount_cost,True
headcount,headcount_vs_budget,parent_of,headcount_vs_budget,True
headcount_vs_budget,annual_budget,parent_of,headcount_vs_budget,True
headcount_vs_budget,time_to_fill,parent_of,headcount_vs_budget,True
headcount_vs_budget,budget_variance,correlated_with,headcount_vs_budget,True
headcount_vs_budget,opex,correlated_with,headcount_vs_budget,True
headcount_vs_budget,headcount,correlated_with,headcount_vs_budget,True
headcount_vs_budget,open_requisitions,correlated_with,headcount_vs_budget,True
headcount_vs_budget,span_of_control,correlated_with,headcount_vs_budget,True
headcount,headcount_vs_budget,formula_input,headcount_vs_budget,True
working_capital,inventory_turnover,parent_of,inventory_turnover,True
inventory_turnover,cogs_stg,parent_of,inventory_turnover,True
inventory_turnover,inventory_value,parent_of,inventory_turnover,True
inventory_turnover,stg_inventory_items,parent_of,inventory_turnover,True
inventory_turnover,stockout_rate,correlated_with,inventory_turnover,True
inventory_turnover,dpo,correlated_with,inventory_turnover,True
inventory_turnover,otd_rate,correlated_with,inventory_turnover,True
inventory_turnover,cogs_stg,correlated_with,inventory_turnover,True
inventory_turnover,fill_rate,correlated_with,inventory_turnover,True
inventory_turnover,inventory_value,correlated_with,inventory_turnover,True
inventory_turnover,stg_inventory_items,correlated_with,inventory_turnover,True
inventory_turnover,supplier_lead_time,correlated_with,inventory_turnover,True
inventory_turnover,warehouse_utilization_rate,correlated_with,inventory_turnover,True
time_to_value,onboarding_completion_rate,parent_of,onboarding_completion_rate,True
onboarding_completion_rate,stg_user_event_row,parent_of,onboarding_completion_rate,True
onboarding_completion_rate,feature_adoption_rate,correlated_with,onboarding_completion_rate,True
onboarding_completion_rate,churn_rate,correlated_with,onboarding_completion_rate,True
onboarding_completion_rate,activation_rate,correlated_with,onboarding_completion_rate,True
new_arr,pct_reps_at_quota,parent_of,pct_reps_at_quota,True
pct_reps_at_quota,quota_attainment,parent_of,pct_reps_at_quota,True
pct_reps_at_quota,quota_attainment,correlated_with,pct_reps_at_quota,True
pct_reps_at_quota,win_rate,correlated_with,pct_reps_at_quota,True
renewal_rate,qbr_completion_rate,parent_of,qbr_completion_rate,True
qbr_completion_rate,renewal_rate,correlated_with,qbr_completion_rate,True
qbr_completion_rate,account_health_score,correlated_with,qbr_completion_rate,True
rd_as_pct_revenue,rd_headcount_pct,parent_of,rd_headcount_pct,True
rd_headcount_pct,rd_headcount,parent_of,rd_headcount_pct,True
rd_headcount_pct,rd_spend_pct,correlated_with,rd_headcount_pct,True
rd_headcount_pct,deployment_frequency,correlated_with,rd_headcount_pct,True
rd_headcount_pct,headcount_by_dept,correlated_with,rd_headcount_pct,True
rd_headcount_pct,rd_headcount,correlated_with,rd_headcount_pct,True
headcount,rd_headcount_pct,formula_input,rd_headcount_pct,True
turnover_rate,regrettable_attrition,parent_of,regrettable_attrition,True
regrettable_attrition,separations,parent_of,regrettable_attrition,True
regrettable_attrition,voluntary_turnover,correlated_with,regrettable_attrition,True
regrettable_attrition,engagement_score,correlated_with,regrettable_attrition,True
regrettable_attrition,separations,correlated_with,regrettable_attrition,True
regrettable_attrition,turnover_rate,correlated_with,regrettable_attrition,True
ops_north_star,sla_compliance_rate,parent_of,sla_compliance_rate,True
sla_compliance_rate,on_time_delivery_rate,correlated_with,sla_compliance_rate,True
sla_compliance_rate,csat,correlated_with,sla_compliance_rate,True
manager_effectiveness_score,span_of_control,parent_of,span_of_control,True
span_of_control,headcount_vs_budget,correlated_with,span_of_control,True
span_of_control,internal_promotion_rate,correlated_with,span_of_control,True
headcount,span_of_control,formula_input,span_of_control,True
time_to_fill,time_to_hire,parent_of,time_to_hire,True
time_to_hire,open_requisitions,parent_of,time_to_hire,True
time_to_hire,recruiting_pipeline,parent_of,time_to_hire,True
time_to_hire,interview_to_offer_rate,parent_of,time_to_hire,True
time_to_hire,time_to_fill,correlated_with,time_to_hire,True
time_to_hire,offer_acceptance_rate,correlated_with,time_to_hire,True
time_to_hire,interview_to_offer_rate,correlated_with,time_to_hire,True
time_to_hire,recruiting_pipeline,correlated_with,time_to_hire,True
vendor_scorecard_rating,vendor_compliance_rate,parent_of,vendor_compliance_rate,True
vendor_compliance_rate,stg_purchase_order_row,parent_of,vendor_compliance_rate,True
vendor_compliance_rate,supplier_lead_time,correlated_with,vendor_compliance_rate,True
vendor_compliance_rate,defect_rate,correlated_with,vendor_compliance_rate,True
vendor_compliance_rate,shrinkage_rate,correlated_with,vendor_compliance_rate,True
turnover_rate,voluntary_turnover,parent_of,voluntary_turnover,True
voluntary_turnover,separations,parent_of,voluntary_turnover,True
voluntary_turnover,employee_engagement_score,parent_of,voluntary_turnover,True
voluntary_turnover,engagement_score,parent_of,voluntary_turnover,True
voluntary_turnover,regrettable_attrition,correlated_with,voluntary_turnover,True
voluntary_turnover,engagement_score,correlated_with,voluntary_turnover,True
voluntary_turnover,avg_tenure,correlated_with,voluntary_turnover,True
voluntary_turnover,separations,correlated_with,voluntary_turnover,True
voluntary_turnover,turnover_rate,correlated_with,voluntary_turnover,True
cpc,ad_ctr,parent_of,ad_ctr,True
ad_ctr,ad_impressions,parent_of,ad_ctr,True
ad_ctr,cpc,correlated_with,ad_ctr,True
ad_ctr,roas,correlated_with,ad_ctr,True
ad_ctr,ad_impressions,correlated_with,ad_ctr,True
ebitda,bad_debt_rate,parent_of,bad_debt_rate,True
bad_debt_rate,ar_aging_90d,parent_of,bad_debt_rate,True
bad_debt_rate,dso,correlated_with,bad_debt_rate,True
bad_debt_rate,ar_aging_90d,correlated_with,bad_debt_rate,True
cac,cost_per_mql,parent_of,cost_per_mql,True
cost_per_mql,stg_ad_spend,parent_of,cost_per_mql,True
cost_per_mql,cpl,parent_of,cost_per_mql,True
cost_per_mql,marketing_spend,parent_of,cost_per_mql,True
cost_per_mql,cpl,correlated_with,cost_per_mql,True
cost_per_mql,marketing_cac,correlated_with,cost_per_mql,True
cost_per_mql,cost_per_sql,correlated_with,cost_per_mql,True
cost_per_mql,mql_count,correlated_with,cost_per_mql,True
cost_per_mql,web_conversion_rate,correlated_with,cost_per_mql,True
mql,cost_per_mql,formula_input,cost_per_mql,True
cac,cost_per_sql,parent_of,cost_per_sql,True
cost_per_sql,marketing_spend,parent_of,cost_per_sql,True
cost_per_sql,sql_count,parent_of,cost_per_sql,True
cost_per_sql,cost_per_mql,correlated_with,cost_per_sql,True
cost_per_sql,cac,correlated_with,cost_per_sql,True
cpl,cpc,parent_of,cpc,True
cpc,stg_ad_spend,parent_of,cpc,True
cpc,ad_impressions,parent_of,cpc,True
cpc,ad_clicks,parent_of,cpc,True
cpc,ad_ctr,parent_of,cpc,True
cpc,cpm,parent_of,cpc,True
cpc,ctr,parent_of,cpc,True
cpc,ad_ctr,correlated_with,cpc,True
cpc,roas,correlated_with,cpc,True
cpc,ad_impressions,correlated_with,cpc,True
cpc,cpl,correlated_with,cpc,True
cpc,cpm,correlated_with,cpc,True
cpc,ctr,correlated_with,cpc,True
cpc,stg_ad_spend,correlated_with,cpc,True
cpc,ctr,parent_of,ctr,True
ctr,ad_clicks,parent_of,ctr,True
ctr,impressions,parent_of,ctr,True
ctr,cpc,correlated_with,ctr,True
ctr,web_conversion_rate,correlated_with,ctr,True
ctr,cpm,correlated_with,ctr,True
mql_count,email_click_rate,parent_of,email_click_rate,True
email_click_rate,stg_email_send_row,parent_of,email_click_rate,True
email_click_rate,email_open_rate,parent_of,email_click_rate,True
email_click_rate,email_open_rate,correlated_with,email_click_rate,True
email_click_rate,web_conversion_rate,correlated_with,email_click_rate,True
mql_count,email_ctr,parent_of,email_ctr,True
email_ctr,email_open_rate,parent_of,email_ctr,True
email_ctr,email_open_rate,correlated_with,email_ctr,True
email_ctr,form_conversion_rate,correlated_with,email_ctr,True
email_ctr,email_unsub_rate,correlated_with,email_ctr,True
email_click_rate,email_open_rate,parent_of,email_open_rate,True
email_ctr,email_open_rate,parent_of,email_open_rate,True
email_open_rate,stg_email_send_row,parent_of,email_open_rate,True
email_open_rate,email_click_rate,correlated_with,email_open_rate,True
email_open_rate,unsubscribe_rate,correlated_with,email_open_rate,True
email_open_rate,email_ctr,correlated_with,email_open_rate,True
email_open_rate,email_unsub_rate,correlated_with,email_open_rate,True
email_open_rate,push_open_rate,correlated_with,email_open_rate,True
email_open_rate,webinar_attendance_rate,correlated_with,email_open_rate,True
organic_sessions,keywords_top10,parent_of,keywords_top10,True
keywords_top10,domain_authority,parent_of,keywords_top10,True
keywords_top10,domain_authority,correlated_with,keywords_top10,True
keywords_top10,organic_traffic,correlated_with,keywords_top10,True
keywords_top10,backlinks_count,correlated_with,keywords_top10,True
otd_rate,lead_time,parent_of,lead_time,True
lead_time,cycle_time,correlated_with,lead_time,True
lead_time,otd_rate,correlated_with,lead_time,True
deployment_frequency,lead_time_for_changes,parent_of,lead_time_for_changes,True
lead_time_for_changes,pr_merge_time,parent_of,lead_time_for_changes,True
lead_time_for_changes,deployment_frequency,correlated_with,lead_time_for_changes,True
lead_time_for_changes,error_rate,correlated_with,lead_time_for_changes,True
mql,lead_to_mql_rate,parent_of,lead_to_mql_rate,True
lead_to_mql_rate,stg_leads_count,parent_of,lead_to_mql_rate,True
lead_to_mql_rate,mql_to_sql_rate,correlated_with,lead_to_mql_rate,True
lead_to_mql_rate,form_conversion_rate,correlated_with,lead_to_mql_rate,True
lead_to_mql_rate,mql,correlated_with,lead_to_mql_rate,True
sql,mql_to_sql_rate,parent_of,mql_to_sql_rate,True
mql_to_sql_rate,sql_count,parent_of,mql_to_sql_rate,True
mql_to_sql_rate,mql_count,parent_of,mql_to_sql_rate,True
mql_to_sql_rate,win_rate,correlated_with,mql_to_sql_rate,True
mql_to_sql_rate,cac,correlated_with,mql_to_sql_rate,True
mql_to_sql_rate,lead_to_mql_rate,correlated_with,mql_to_sql_rate,True
mql_to_sql_rate,sql_count,correlated_with,mql_to_sql_rate,True
marketing_roi,organic_attribution_pct,parent_of,organic_attribution_pct,True
organic_attribution_pct,organic_traffic,parent_of,organic_attribution_pct,True
organic_attribution_pct,paid_attribution_pct,correlated_with,organic_attribution_pct,True
organic_attribution_pct,referral_attribution_pct,correlated_with,organic_attribution_pct,True
mql,organic_attribution_pct,formula_input,organic_attribution_pct,True
marketing_roi,roas,parent_of,roas,True
roas,marketing_spend,parent_of,roas,True
roas,cac,correlated_with,roas,True
roas,ltv_cac,correlated_with,roas,True
roas,ad_ctr,correlated_with,roas,True
roas,cpc,correlated_with,roas,True
roas,marketing_influenced_pipeline,correlated_with,roas,True
roas,marketing_roi,correlated_with,roas,True
roas,paid_attribution_pct,correlated_with,roas,True
roas,paid_sessions,correlated_with,roas,True
roas,stg_ad_spend,correlated_with,roas,True
mql,session_to_lead_rate,parent_of,session_to_lead_rate,True
session_to_lead_rate,website_sessions,parent_of,session_to_lead_rate,True
session_to_lead_rate,stg_leads_count,parent_of,session_to_lead_rate,True
session_to_lead_rate,form_conversion_rate,correlated_with,session_to_lead_rate,True
session_to_lead_rate,bounce_rate,correlated_with,session_to_lead_rate,True
session_to_lead_rate,funnel_dropoff,correlated_with,session_to_lead_rate,True
share_of_voice,social_engagement_rate,parent_of,social_engagement_rate,True
social_engagement_rate,social_followers,parent_of,social_engagement_rate,True
social_engagement_rate,domain_authority,correlated_with,social_engagement_rate,True
social_engagement_rate,earned_media_value,correlated_with,social_engagement_rate,True
social_engagement_rate,pr_mentions,correlated_with,social_engagement_rate,True
pipeline_generated,sql,parent_of,sql,True
bookings,sql,parent_of,sql,True
avg_sales_cycle,sql,parent_of,sql,True
sql,mql,parent_of,sql,True
sql,mql_to_sql_rate,parent_of,sql,True
sql,mql,correlated_with,sql,True
sql,win_rate,correlated_with,sql,True
sql,demo_requests,correlated_with,sql,True
sql,stg_opportunities_count,correlated_with,sql,True
pipeline_value,sql_count,parent_of,sql_count,True
cost_per_sql,sql_count,parent_of,sql_count,True
mql_to_sql_rate,sql_count,parent_of,sql_count,True
sql_count,mql_count,parent_of,sql_count,True
sql_count,mql_to_sql_rate,correlated_with,sql_count,True
sql_count,win_rate,correlated_with,sql_count,True
vendor_scorecard_rating,supplier_lead_time,parent_of,supplier_lead_time,True
supplier_lead_time,stg_purchase_order_row,parent_of,supplier_lead_time,True
supplier_lead_time,fill_rate,correlated_with,supplier_lead_time,True
supplier_lead_time,inventory_turnover,correlated_with,supplier_lead_time,True
supplier_lead_time,vendor_compliance_rate,correlated_with,supplier_lead_time,True
organic_sessions,top10_keyword_count,parent_of,top10_keyword_count,True
top10_keyword_count,organic_sessions,correlated_with,top10_keyword_count,True
top10_keyword_count,content_published_count,correlated_with,top10_keyword_count,True
mql,webinar_attendance_rate,parent_of,webinar_attendance_rate,True
webinar_attendance_rate,webinar_registrants,parent_of,webinar_attendance_rate,True
webinar_attendance_rate,email_open_rate,correlated_with,webinar_attendance_rate,True
webinar_attendance_rate,form_conversion_rate,correlated_with,webinar_attendance_rate,True
webinar_attendance_rate,webinar_registrants,correlated_with,webinar_attendance_rate,True
otd_rate,cycle_time,parent_of,cycle_time,True
cycle_time,stg_orders_count,parent_of,cycle_time,True
cycle_time,process_automation_rate,parent_of,cycle_time,True
cycle_time,lead_time,correlated_with,cycle_time,True
cycle_time,throughput,correlated_with,cycle_time,True
cycle_time,otd_rate,correlated_with,cycle_time,True
cycle_time,capacity_utilization,correlated_with,cycle_time,True
cycle_time,process_automation_rate,correlated_with,cycle_time,True
ops_north_star,defect_rate,parent_of,defect_rate,True
vendor_scorecard_rating,defect_rate,parent_of,defect_rate,True
defect_rate,stg_quality_inspection_row,parent_of,defect_rate,True
defect_rate,order_accuracy_rate,correlated_with,defect_rate,True
defect_rate,fill_rate,correlated_with,defect_rate,True
defect_rate,capacity_utilization_rate,correlated_with,defect_rate,True
defect_rate,cost_per_unit,correlated_with,defect_rate,True
defect_rate,return_rate,correlated_with,defect_rate,True
defect_rate,vendor_compliance_rate,correlated_with,defect_rate,True
defect_rate,vendor_scorecard_rating,correlated_with,defect_rate,True
ticket_resolution_time,escalation_rate,parent_of,escalation_rate,True
escalation_rate,stg_support_tickets,parent_of,escalation_rate,True
escalation_rate,sla_breach_rate,correlated_with,escalation_rate,True
escalation_rate,ticket_resolution_time,correlated_with,escalation_rate,True
ops_north_star,fill_rate,parent_of,fill_rate,True
fill_rate,stg_order_line_row,parent_of,fill_rate,True
fill_rate,stockout_rate,parent_of,fill_rate,True
fill_rate,on_time_delivery_rate,correlated_with,fill_rate,True
fill_rate,inventory_turnover,correlated_with,fill_rate,True
fill_rate,defect_rate,correlated_with,fill_rate,True
fill_rate,order_accuracy_rate,correlated_with,fill_rate,True
fill_rate,supplier_lead_time,correlated_with,fill_rate,True
fill_rate,vendor_scorecard_rating,correlated_with,fill_rate,True
fill_rate,warehouse_utilization_rate,correlated_with,fill_rate,True
ops_north_star,on_time_delivery_rate,parent_of,on_time_delivery_rate,True
on_time_delivery_rate,stg_shipment_row,parent_of,on_time_delivery_rate,True
on_time_delivery_rate,fill_rate,correlated_with,on_time_delivery_rate,True
on_time_delivery_rate,order_accuracy_rate,correlated_with,on_time_delivery_rate,True
on_time_delivery_rate,sla_compliance_rate,correlated_with,on_time_delivery_rate,True
ops_north_star,order_fulfillment_rate,parent_of,order_fulfillment_rate,True
order_fulfillment_rate,stg_orders_count,parent_of,order_fulfillment_rate,True
order_fulfillment_rate,otd_rate,correlated_with,order_fulfillment_rate,True
order_fulfillment_rate,stockout_rate,correlated_with,order_fulfillment_rate,True
cogs,procurement_savings_rate,parent_of,procurement_savings_rate,True
procurement_savings_rate,stg_purchase_order_row,parent_of,procurement_savings_rate,True
procurement_savings_rate,cost_per_unit,correlated_with,procurement_savings_rate,True
procurement_savings_rate,gross_margin,correlated_with,procurement_savings_rate,True
uptime,rcr_rate,parent_of,rcr_rate,True
rcr_rate,incident_count,correlated_with,rcr_rate,True
rcr_rate,mttr,correlated_with,rcr_rate,True
ops_north_star,return_rate,parent_of,return_rate,True
return_rate,stg_return_row,parent_of,return_rate,True
return_rate,product_return_rate,parent_of,return_rate,True
return_rate,defect_rate,correlated_with,return_rate,True
return_rate,order_accuracy_rate,correlated_with,return_rate,True
workforce_productivity,safety_incident_rate,parent_of,safety_incident_rate,True
safety_incident_rate,stg_safety_incident_row,parent_of,safety_incident_rate,True
safety_incident_rate,employee_attrition_rate,correlated_with,safety_incident_rate,True
safety_incident_rate,headcount_cost,correlated_with,safety_incident_rate,True
per_pupil_expenditure,seat_fill_rate,parent_of,seat_fill_rate,True
seat_fill_rate,stg_enrollment_row,parent_of,seat_fill_rate,True
seat_fill_rate,enrollment_count,correlated_with,seat_fill_rate,True
seat_fill_rate,per_pupil_expenditure,correlated_with,seat_fill_rate,True
csat,sla_breach_rate,parent_of,sla_breach_rate,True
sla_breach_rate,ticket_resolution_time,parent_of,sla_breach_rate,True
sla_breach_rate,first_response_time,parent_of,sla_breach_rate,True
sla_breach_rate,ticket_backlog,parent_of,sla_breach_rate,True
sla_breach_rate,escalation_rate,correlated_with,sla_breach_rate,True
sla_breach_rate,csat,correlated_with,sla_breach_rate,True
sla_breach_rate,complaint_resolution_rate,correlated_with,sla_breach_rate,True
sla_breach_rate,support_cost_per_ticket,correlated_with,sla_breach_rate,True
sla_breach_rate,ticket_backlog,correlated_with,sla_breach_rate,True
sla_breach_rate,tickets_created,correlated_with,sla_breach_rate,True
sla_breach_rate,tickets_per_agent,correlated_with,sla_breach_rate,True
fill_rate,stockout_rate,parent_of,stockout_rate,True
stockout_rate,stg_inventory_items,parent_of,stockout_rate,True
stockout_rate,inventory_turnover,correlated_with,stockout_rate,True
stockout_rate,order_fulfillment_rate,correlated_with,stockout_rate,True
stockout_rate,stg_inventory_items,correlated_with,stockout_rate,True
ops_efficiency_ratio,support_cost_per_ticket,parent_of,support_cost_per_ticket,True
support_cost_per_ticket,total_comp_expense,parent_of,support_cost_per_ticket,True
support_cost_per_ticket,tickets_resolved,parent_of,support_cost_per_ticket,True
support_cost_per_ticket,tickets_per_agent,parent_of,support_cost_per_ticket,True
support_cost_per_ticket,hr_cost_pct_revenue,correlated_with,support_cost_per_ticket,True
support_cost_per_ticket,sla_breach_rate,correlated_with,support_cost_per_ticket,True
support_cost_per_ticket,tickets_per_agent,correlated_with,support_cost_per_ticket,True
support_cost_per_ticket,tickets_per_customer,correlated_with,support_cost_per_ticket,True
support_cost_per_ticket,tickets_resolved,correlated_with,support_cost_per_ticket,True
capacity_utilization,throughput,parent_of,throughput,True
throughput,stg_orders_count,parent_of,throughput,True
throughput,cycle_time,correlated_with,throughput,True
throughput,capacity_utilization,correlated_with,throughput,True
throughput,ops_efficiency_ratio,correlated_with,throughput,True
throughput,process_automation_rate,correlated_with,throughput,True
sla_breach_rate,ticket_backlog,parent_of,ticket_backlog,True
ticket_backlog,sla_breach_rate,correlated_with,ticket_backlog,True
ticket_backlog,first_response_time,correlated_with,ticket_backlog,True
csat,ticket_resolution_rate,parent_of,ticket_resolution_rate,True
ticket_resolution_rate,support_tickets_opened,parent_of,ticket_resolution_rate,True
ticket_resolution_rate,first_response_time,correlated_with,ticket_resolution_rate,True
ticket_resolution_rate,ces,correlated_with,ticket_resolution_rate,True
sla_breach_rate,ticket_resolution_time,parent_of,ticket_resolution_time,True
ticket_resolution_time,stg_support_tickets,parent_of,ticket_resolution_time,True
ticket_resolution_time,escalation_rate,parent_of,ticket_resolution_time,True
ticket_resolution_time,first_response_time,correlated_with,ticket_resolution_time,True
ticket_resolution_time,fcr_rate,correlated_with,ticket_resolution_time,True
ticket_resolution_time,escalation_rate,correlated_with,ticket_resolution_time,True
ticket_resolution_time,stg_support_tickets,correlated_with,ticket_resolution_time,True
ticket_resolution_time,tickets_created,correlated_with,ticket_resolution_time,True
support_cost_per_ticket,tickets_per_agent,parent_of,tickets_per_agent,True
tickets_per_agent,stg_support_tickets,parent_of,tickets_per_agent,True
tickets_per_agent,support_cost_per_ticket,correlated_with,tickets_per_agent,True
tickets_per_agent,fcr_rate,correlated_with,tickets_per_agent,True
tickets_per_agent,sla_breach_rate,correlated_with,tickets_per_agent,True
csat,tickets_per_customer,parent_of,tickets_per_customer,True
tickets_per_customer,tickets_created,parent_of,tickets_per_customer,True
tickets_per_customer,csat,correlated_with,tickets_per_customer,True
tickets_per_customer,support_cost_per_ticket,correlated_with,tickets_per_customer,True
ops_north_star,vendor_scorecard_rating,parent_of,vendor_scorecard_rating,True
vendor_scorecard_rating,supplier_lead_time,parent_of,vendor_scorecard_rating,True
vendor_scorecard_rating,defect_rate,parent_of,vendor_scorecard_rating,True
vendor_scorecard_rating,vendor_compliance_rate,parent_of,vendor_scorecard_rating,True
vendor_scorecard_rating,fill_rate,correlated_with,vendor_scorecard_rating,True
vendor_scorecard_rating,defect_rate,correlated_with,vendor_scorecard_rating,True
warehouse_utilization_rate,warehouse_utilization,parent_of,warehouse_utilization,True
warehouse_utilization,capacity_utilization,correlated_with,warehouse_utilization,True
warehouse_utilization,inventory_value,correlated_with,warehouse_utilization,True
ops_efficiency_ratio,warehouse_utilization_rate,parent_of,warehouse_utilization_rate,True
warehouse_utilization_rate,warehouse_utilization,parent_of,warehouse_utilization_rate,True
warehouse_utilization_rate,fill_rate,correlated_with,warehouse_utilization_rate,True
warehouse_utilization_rate,inventory_turnover,correlated_with,warehouse_utilization_rate,True
rule_of_40,arr_growth_rate,parent_of,arr_growth_rate,True
arr_growth_rate,arr,parent_of,arr_growth_rate,True
arr_growth_rate,new_arr,parent_of,arr_growth_rate,True
arr_growth_rate,net_mrr_growth,parent_of,arr_growth_rate,True
arr_growth_rate,saas_quick_ratio,parent_of,arr_growth_rate,True
arr_growth_rate,revenue_growth_rate,correlated_with,arr_growth_rate,True
arr_growth_rate,nrr,correlated_with,arr_growth_rate,True
arr_growth_rate,net_new_customers,correlated_with,arr_growth_rate,True
revenue_per_employee,arr_per_rep,parent_of,arr_per_rep,True
arr_per_rep,arr,parent_of,arr_per_rep,True
arr_per_rep,sales_headcount,parent_of,arr_per_rep,True
arr_per_rep,quota_attainment,correlated_with,arr_per_rep,True
arr_per_rep,cac,correlated_with,arr_per_rep,True
arr_per_rep,employees_per_1m_arr,correlated_with,arr_per_rep,True
arr_per_rep,sales_headcount,correlated_with,arr_per_rep,True
revenue,billings,parent_of,billings,True
billings,stg_invoice_row,parent_of,billings,True
billings,contracted_unbilled,parent_of,billings,True
billings,recognized_revenue,parent_of,billings,True
billings,stg_invoices_amount,parent_of,billings,True
billings,stg_invoices_count,parent_of,billings,True
billings,arr,correlated_with,billings,True
billings,revenue,correlated_with,billings,True
billings,free_cash_flow,correlated_with,billings,True
billings,accounts_receivable,correlated_with,billings,True
billings,contracted_unbilled,correlated_with,billings,True
billings,deferred_revenue,correlated_with,billings,True
billings,stg_invoices_amount,correlated_with,billings,True
billings,stg_invoices_count,correlated_with,billings,True
arr,bookings,parent_of,bookings,True
avg_deal_size,bookings,parent_of,bookings,True
avg_sales_cycle,bookings,parent_of,bookings,True
new_arr,bookings,parent_of,bookings,True
bookings,stg_opportunity_row,parent_of,bookings,True
bookings,sql,parent_of,bookings,True
bookings,arr,correlated_with,bookings,True
bookings,new_arr,correlated_with,bookings,True
bookings,revenue,correlated_with,bookings,True
bookings,committed_arr,correlated_with,bookings,True
bookings,pipeline_generated,correlated_with,bookings,True
free_cash_flow,capex_pct_revenue,parent_of,capex_pct_revenue,True
capex_pct_revenue,capex,parent_of,capex_pct_revenue,True
capex_pct_revenue,revenue,parent_of,capex_pct_revenue,True
capex_pct_revenue,free_cash_flow,correlated_with,capex_pct_revenue,True
customer_health_score,churn_prediction_score,parent_of,churn_prediction_score,True
churn_prediction_score,dau,parent_of,churn_prediction_score,True
churn_prediction_score,feature_adoption_rate,parent_of,churn_prediction_score,True
churn_prediction_score,retention_d30,correlated_with,churn_prediction_score,True
churn_prediction_score,customer_health_score,correlated_with,churn_prediction_score,True
net_revenue_retention,cohort_revenue_retention,parent_of,cohort_revenue_retention,True
cohort_revenue_retention,stg_subscription_row,parent_of,cohort_revenue_retention,True
cohort_revenue_retention,churn_rate,correlated_with,cohort_revenue_retention,True
cohort_revenue_retention,expansion_arr,correlated_with,cohort_revenue_retention,True
clv,customer_churn_rate,parent_of,customer_churn_rate,True
customer_retention_rate,customer_churn_rate,parent_of,customer_churn_rate,True
net_new_customers,customer_churn_rate,parent_of,customer_churn_rate,True
customer_churn_rate,stg_customer_count,parent_of,customer_churn_rate,True
customer_churn_rate,logo_churn_rate,correlated_with,customer_churn_rate,True
customer_churn_rate,nrr,correlated_with,customer_churn_rate,True
customer_churn_rate,renewal_rate,correlated_with,customer_churn_rate,True
customer_churn_rate,churned_arr,correlated_with,customer_churn_rate,True
customer_churn_rate,customer_count,correlated_with,customer_churn_rate,True
customer_churn_rate,stg_customer_count,correlated_with,customer_churn_rate,True
enterprise_value,customer_concentration_risk,parent_of,customer_concentration_risk,True
customer_concentration_risk,stg_subscription_row,parent_of,customer_concentration_risk,True
customer_concentration_risk,rev_concentration_top10,parent_of,customer_concentration_risk,True
customer_concentration_risk,churn_rate,correlated_with,customer_concentration_risk,True
customer_concentration_risk,arr,correlated_with,customer_concentration_risk,True
customer_concentration_risk,rev_concentration_top10,correlated_with,customer_concentration_risk,True
operating_cash_flow,deferred_revenue,parent_of,deferred_revenue,True
deferred_revenue,stg_invoice_row,parent_of,deferred_revenue,True
deferred_revenue,arr,correlated_with,deferred_revenue,True
deferred_revenue,billings,correlated_with,deferred_revenue,True
deferred_revenue,revenue,correlated_with,deferred_revenue,True
deferred_revenue,recognized_revenue,correlated_with,deferred_revenue,True
revenue_per_employee,employees_per_1m_arr,parent_of,employees_per_1m_arr,True
employees_per_1m_arr,arr,parent_of,employees_per_1m_arr,True
employees_per_1m_arr,arr_per_rep,correlated_with,employees_per_1m_arr,True
employees_per_1m_arr,revenue_per_employee,correlated_with,employees_per_1m_arr,True
headcount,employees_per_1m_arr,formula_input,employees_per_1m_arr,True
arr,expansion_arr,parent_of,expansion_arr,True
nrr,expansion_arr,parent_of,expansion_arr,True
nrr_monthly,expansion_arr,parent_of,expansion_arr,True
saas_quick_ratio,expansion_arr,parent_of,expansion_arr,True
expansion_arr,expansion_pipeline,parent_of,expansion_arr,True
expansion_arr,upsell_rate,parent_of,expansion_arr,True
expansion_arr,cohort_revenue_retention,correlated_with,expansion_arr,True
expansion_arr,feature_adoption_rate,correlated_with,expansion_arr,True
expansion_arr,new_arr,correlated_with,expansion_arr,True
expansion_arr,rev_from_existing,correlated_with,expansion_arr,True
expansion_arr,upsell_rate,correlated_with,expansion_arr,True
opex,gna_pct_revenue,parent_of,gna_pct_revenue,True
gna_pct_revenue,sg_and_a,parent_of,gna_pct_revenue,True
gna_pct_revenue,revenue,parent_of,gna_pct_revenue,True
gna_pct_revenue,ebitda_margin,correlated_with,gna_pct_revenue,True
gna_pct_revenue,opex,correlated_with,gna_pct_revenue,True
nrr,grr,parent_of,grr,True
grr,churned_arr,parent_of,grr,True
grr,contraction_arr,parent_of,grr,True
grr,gross_dollar_retention,parent_of,grr,True
grr,nrr,correlated_with,grr,True
grr,logo_churn_rate,correlated_with,grr,True
grr,arr,correlated_with,grr,True
grr,gross_dollar_retention,correlated_with,grr,True
opex,hr_cost_pct_revenue,parent_of,hr_cost_pct_revenue,True
hr_cost_pct_revenue,total_comp_expense,parent_of,hr_cost_pct_revenue,True
hr_cost_pct_revenue,cost_per_hire,parent_of,hr_cost_pct_revenue,True
hr_cost_pct_revenue,cost_per_hire,correlated_with,hr_cost_pct_revenue,True
hr_cost_pct_revenue,opex,correlated_with,hr_cost_pct_revenue,True
hr_cost_pct_revenue,support_cost_per_ticket,correlated_with,hr_cost_pct_revenue,True
total_revenue,hr_cost_pct_revenue,formula_input,hr_cost_pct_revenue,True
revenue,iap_revenue,parent_of,iap_revenue,True
iap_revenue,arpu,correlated_with,iap_revenue,True
iap_revenue,aov,correlated_with,iap_revenue,True
total_revenue,license_revenue,parent_of,license_revenue,True
license_revenue,services_revenue,correlated_with,license_revenue,True
license_revenue,arr,correlated_with,license_revenue,True
churn_rate,logo_churn_rate,parent_of,logo_churn_rate,True
logo_churn_rate,stg_subscription_row,parent_of,logo_churn_rate,True
logo_churn_rate,churn_rate,correlated_with,logo_churn_rate,True
logo_churn_rate,customer_health_score,correlated_with,logo_churn_rate,True
logo_churn_rate,churned_arr,correlated_with,logo_churn_rate,True
logo_churn_rate,cohort_churn,correlated_with,logo_churn_rate,True
logo_churn_rate,contraction_arr,correlated_with,logo_churn_rate,True
logo_churn_rate,customer_churn_rate,correlated_with,logo_churn_rate,True
logo_churn_rate,customer_count,correlated_with,logo_churn_rate,True
logo_churn_rate,grr,correlated_with,logo_churn_rate,True
logo_churn_rate,mrr_churn_rate,correlated_with,logo_churn_rate,True
logo_churn_rate,nrr,correlated_with,logo_churn_rate,True
logo_churn_rate,product_churn_rate,correlated_with,logo_churn_rate,True
logo_churn_rate,stg_subscriptions_active,correlated_with,logo_churn_rate,True
market_share,market_penetration_rate,parent_of,market_penetration_rate,True
market_penetration_rate,arr,parent_of,market_penetration_rate,True
market_penetration_rate,tam,parent_of,market_penetration_rate,True
market_penetration_rate,sam,parent_of,market_penetration_rate,True
market_penetration_rate,arr,correlated_with,market_penetration_rate,True
market_penetration_rate,revenue_growth_rate,correlated_with,market_penetration_rate,True
arr,mrr,parent_of,mrr,True
revenue,mrr,parent_of,mrr,True
mrr_churn_rate,mrr,parent_of,mrr,True
payback_period,mrr,parent_of,mrr,True
subscription_revenue,mrr,parent_of,mrr,True
mrr,stg_subscription_row,parent_of,mrr,True
mrr,churn_rate,correlated_with,mrr,True
mrr,net_revenue_retention,correlated_with,mrr,True
mrr,arr,correlated_with,mrr,True
mrr,marketing_spend,correlated_with,mrr,True
mrr,net_mrr_growth,correlated_with,mrr,True
mrr,stg_subscriptions_active,correlated_with,mrr,True
churn_rate,mrr_churn_rate,parent_of,mrr_churn_rate,True
mrr_churn_rate,mrr,parent_of,mrr_churn_rate,True
mrr_churn_rate,churned_arr,parent_of,mrr_churn_rate,True
mrr_churn_rate,logo_churn_rate,correlated_with,mrr_churn_rate,True
mrr_churn_rate,nrr,correlated_with,mrr_churn_rate,True
arr_growth_rate,net_mrr_growth,parent_of,net_mrr_growth,True
net_mrr_growth,mrr,correlated_with,net_mrr_growth,True
net_mrr_growth,nrr,correlated_with,net_mrr_growth,True
net_mrr_growth,saas_quick_ratio,correlated_with,net_mrr_growth,True
total_revenue,net_revenue,parent_of,net_revenue,True
net_revenue,gross_revenue,parent_of,net_revenue,True
net_revenue,discount_rate,parent_of,net_revenue,True
net_revenue,gross_revenue,correlated_with,net_revenue,True
net_revenue,refund_rate,correlated_with,net_revenue,True
net_revenue,stg_refund_amount,correlated_with,net_revenue,True
arr,net_revenue_retention,parent_of,net_revenue_retention,True
net_revenue_retention,churn_rate,parent_of,net_revenue_retention,True
net_revenue_retention,cohort_revenue_retention,parent_of,net_revenue_retention,True
net_revenue_retention,nrr_monthly,parent_of,net_revenue_retention,True
net_revenue_retention,renewal_rate,parent_of,net_revenue_retention,True
net_revenue_retention,ebitda,correlated_with,net_revenue_retention,True
net_revenue_retention,ltv_cac,correlated_with,net_revenue_retention,True
net_revenue_retention,customer_health_score,correlated_with,net_revenue_retention,True
net_revenue_retention,customer_ltv,correlated_with,net_revenue_retention,True
net_revenue_retention,mrr,correlated_with,net_revenue_retention,True
net_revenue_retention,nrr_monthly,correlated_with,net_revenue_retention,True
net_revenue_retention,rule_of_40,correlated_with,net_revenue_retention,True
arr,new_arr,parent_of,new_arr,True
arr_growth_rate,new_arr,parent_of,new_arr,True
magic_number,new_arr,parent_of,new_arr,True
saas_quick_ratio,new_arr,parent_of,new_arr,True
new_arr,bookings,parent_of,new_arr,True
new_arr,stg_subscriptions_active,parent_of,new_arr,True
new_arr,avg_deal_size,parent_of,new_arr,True
new_arr,avg_sales_cycle,parent_of,new_arr,True
new_arr,pct_reps_at_quota,parent_of,new_arr,True
new_arr,pipeline_coverage,parent_of,new_arr,True
new_arr,plg_rate,parent_of,new_arr,True
new_arr,quota_attainment,parent_of,new_arr,True
new_arr,sales_cycle_length,parent_of,new_arr,True
new_arr,win_rate,parent_of,new_arr,True
new_arr,expansion_arr,correlated_with,new_arr,True
new_arr,churn_rate,correlated_with,new_arr,True
new_arr,acv,correlated_with,new_arr,True
new_arr,bookings,correlated_with,new_arr,True
new_arr,customers_by_channel,correlated_with,new_arr,True
new_arr,partner_revenue,correlated_with,new_arr,True
new_arr,pipeline_coverage,correlated_with,new_arr,True
new_arr,pipeline_value,correlated_with,new_arr,True
new_arr,quota_attainment,correlated_with,new_arr,True
new_arr,rev_from_new_customers,correlated_with,new_arr,True
rule_of_40,nrr,parent_of,nrr,True
nrr,expansion_arr,parent_of,nrr,True
nrr,contraction_arr,parent_of,nrr,True
nrr,churned_arr,parent_of,nrr,True
nrr,grr,parent_of,nrr,True
nrr,grr,correlated_with,nrr,True
nrr,logo_churn_rate,correlated_with,nrr,True
nrr,account_health_score,correlated_with,nrr,True
nrr,arr,correlated_with,nrr,True
nrr,arr_growth_rate,correlated_with,nrr,True
nrr,clv,correlated_with,nrr,True
nrr,cohort_ltv_24m,correlated_with,nrr,True
nrr,customer_churn_rate,correlated_with,nrr,True
nrr,customer_retention_rate,correlated_with,nrr,True
nrr,expansion_pipeline,correlated_with,nrr,True
nrr,gross_dollar_retention,correlated_with,nrr,True
nrr,mrr_churn_rate,correlated_with,nrr,True
nrr,net_mrr_growth,correlated_with,nrr,True
nrr,rev_concentration_top10,correlated_with,nrr,True
nrr,rev_from_existing,correlated_with,nrr,True
nrr,saas_quick_ratio,correlated_with,nrr,True
nrr,subscription_revenue,correlated_with,nrr,True
nrr,upsell_rate,correlated_with,nrr,True
net_revenue_retention,nrr_monthly,parent_of,nrr_monthly,True
nrr_monthly,expansion_arr,parent_of,nrr_monthly,True
nrr_monthly,churned_arr,parent_of,nrr_monthly,True
nrr_monthly,contraction_arr,parent_of,nrr_monthly,True
nrr_monthly,net_revenue_retention,correlated_with,nrr_monthly,True
nrr_monthly,churn_rate,correlated_with,nrr_monthly,True
nrr_monthly,renewal_rate,correlated_with,nrr_monthly,True
total_revenue,partner_revenue,parent_of,partner_revenue,True
partner_revenue_pct,partner_revenue,parent_of,partner_revenue,True
partner_revenue,partner_revenue_pct,correlated_with,partner_revenue,True
partner_revenue,new_arr,correlated_with,partner_revenue,True
total_revenue,partner_revenue_pct,parent_of,partner_revenue_pct,True
partner_revenue_pct,partner_revenue,parent_of,partner_revenue_pct,True
partner_revenue_pct,partner_revenue,correlated_with,partner_revenue_pct,True
partner_revenue_pct,revenue_by_channel,correlated_with,partner_revenue_pct,True
total_revenue,partner_revenue_pct,formula_input,partner_revenue_pct,True
mau,product_churn_rate,parent_of,product_churn_rate,True
product_churn_rate,logo_churn_rate,correlated_with,product_churn_rate,True
product_churn_rate,d30_retention,correlated_with,product_churn_rate,True
opex,rd_as_pct_revenue,parent_of,rd_as_pct_revenue,True
rd_as_pct_revenue,rd_expense,parent_of,rd_as_pct_revenue,True
rd_as_pct_revenue,revenue,parent_of,rd_as_pct_revenue,True
rd_as_pct_revenue,rd_headcount_pct,parent_of,rd_as_pct_revenue,True
rd_as_pct_revenue,ebitda_margin,correlated_with,rd_as_pct_revenue,True
rd_as_pct_revenue,rd_expense,correlated_with,rd_as_pct_revenue,True
ebitda,revenue,parent_of,revenue,True
capex_pct_revenue,revenue,parent_of,revenue,True
gna_pct_revenue,revenue,parent_of,revenue,True
net_income_margin,revenue,parent_of,revenue,True
rd_as_pct_revenue,revenue,parent_of,revenue,True
revenue_per_employee,revenue,parent_of,revenue,True
revenue,arr,parent_of,revenue,True
revenue,mrr,parent_of,revenue,True
revenue,arpu,parent_of,revenue,True
revenue,asp,parent_of,revenue,True
revenue,billings,parent_of,revenue,True
revenue,customer_count,parent_of,revenue,True
revenue,gmv,parent_of,revenue,True
revenue,iap_revenue,parent_of,revenue,True
revenue,stg_revenue_event_amount,parent_of,revenue,True
revenue,take_rate,parent_of,revenue,True
revenue,customer_count,correlated_with,revenue,True
revenue,arpu,correlated_with,revenue,True
revenue,asp,correlated_with,revenue,True
revenue,billings,correlated_with,revenue,True
revenue,bookings,correlated_with,revenue,True
revenue,cogs,correlated_with,revenue,True
revenue,deferred_revenue,correlated_with,revenue,True
revenue,gmv,correlated_with,revenue,True
revenue,marketing_spend,correlated_with,revenue,True
revenue,take_rate,correlated_with,revenue,True
rule_of_40,revenue_growth_rate,parent_of,revenue_growth_rate,True
revenue_growth_rate,market_share,parent_of,revenue_growth_rate,True
revenue_growth_rate,revenue_vs_py,parent_of,revenue_growth_rate,True
revenue_growth_rate,arr_growth_rate,correlated_with,revenue_growth_rate,True
revenue_growth_rate,revenue_vs_py,correlated_with,revenue_growth_rate,True
revenue_growth_rate,arr,correlated_with,revenue_growth_rate,True
revenue_growth_rate,market_penetration_rate,correlated_with,revenue_growth_rate,True
revenue_growth_rate,market_share,correlated_with,revenue_growth_rate,True
revenue_growth_rate,monthly_new_customers,correlated_with,revenue_growth_rate,True
revenue_growth_rate,total_revenue,correlated_with,revenue_growth_rate,True
total_revenue,revenue_growth_rate,formula_input,revenue_growth_rate,True
arpu,revenue_per_account,parent_of,revenue_per_account,True
revenue_per_account,arpu,correlated_with,revenue_per_account,True
revenue_per_account,acv,correlated_with,revenue_per_account,True
ebitda,revenue_per_employee,parent_of,revenue_per_employee,True
employee_lifetime_value,revenue_per_employee,parent_of,revenue_per_employee,True
revenue_per_employee,revenue,parent_of,revenue_per_employee,True
revenue_per_employee,headcount_fte,parent_of,revenue_per_employee,True
revenue_per_employee,arr_per_rep,parent_of,revenue_per_employee,True
revenue_per_employee,employees_per_1m_arr,parent_of,revenue_per_employee,True
revenue_per_employee,ebitda_margin,correlated_with,revenue_per_employee,True
revenue_per_employee,employees_per_1m_arr,correlated_with,revenue_per_employee,True
revenue_per_employee,gross_profit_per_employee,correlated_with,revenue_per_employee,True
revenue_per_employee,headcount_cost,correlated_with,revenue_per_employee,True
revenue_per_employee,workforce_productivity,correlated_with,revenue_per_employee,True
headcount,revenue_per_employee,formula_input,revenue_per_employee,True
revenue_growth_rate,revenue_vs_py,parent_of,revenue_vs_py,True
revenue_vs_py,prior_year_revenue,parent_of,revenue_vs_py,True
revenue_vs_py,revenue_growth_rate,correlated_with,revenue_vs_py,True
revenue_vs_py,forecast_accuracy,correlated_with,revenue_vs_py,True
revenue_vs_py,prior_year_revenue,correlated_with,revenue_vs_py,True
revenue_vs_py,revenue_ytd,correlated_with,revenue_vs_py,True
revenue_vs_py,total_revenue,correlated_with,revenue_vs_py,True
total_revenue,revenue_vs_py,formula_input,revenue_vs_py,True
total_revenue,revenue_ytd,parent_of,revenue_ytd,True
revenue_ytd,q1_revenue,parent_of,revenue_ytd,True
revenue_ytd,q2_revenue,parent_of,revenue_ytd,True
revenue_ytd,q3_revenue,parent_of,revenue_ytd,True
revenue_ytd,q4_revenue,parent_of,revenue_ytd,True
revenue_ytd,revenue_vs_py,correlated_with,revenue_ytd,True
revenue_ytd,forecast_accuracy,correlated_with,revenue_ytd,True
total_revenue,revenue_ytd,formula_input,revenue_ytd,True
arr_growth_rate,saas_quick_ratio,parent_of,saas_quick_ratio,True
saas_quick_ratio,new_arr,parent_of,saas_quick_ratio,True
saas_quick_ratio,expansion_arr,parent_of,saas_quick_ratio,True
saas_quick_ratio,contraction_arr,parent_of,saas_quick_ratio,True
saas_quick_ratio,churned_arr,parent_of,saas_quick_ratio,True
saas_quick_ratio,nrr,correlated_with,saas_quick_ratio,True
saas_quick_ratio,rule_of_40,correlated_with,saas_quick_ratio,True
saas_quick_ratio,arr,correlated_with,saas_quick_ratio,True
saas_quick_ratio,net_mrr_growth,correlated_with,saas_quick_ratio,True
total_revenue,services_revenue,parent_of,services_revenue,True
services_revenue,license_revenue,correlated_with,services_revenue,True
services_revenue,implementation_revenue,correlated_with,services_revenue,True
total_revenue,subscription_revenue,parent_of,subscription_revenue,True
subscription_revenue,arr,parent_of,subscription_revenue,True
subscription_revenue,mrr,parent_of,subscription_revenue,True
subscription_revenue,arr,correlated_with,subscription_revenue,True
subscription_revenue,nrr,correlated_with,subscription_revenue,True
error_rate,api_latency_p95,parent_of,api_latency_p95,True
api_latency_p95,api_calls_total,parent_of,api_latency_p95,True
api_latency_p95,error_rate,correlated_with,api_latency_p95,True
api_latency_p95,csat,correlated_with,api_latency_p95,True
api_latency_p95,api_calls_total,correlated_with,api_latency_p95,True
api_latency_p95,product_uptime_sla,correlated_with,api_latency_p95,True
error_rate,bug_escape_rate,parent_of,bug_escape_rate,True
bug_escape_rate,code_coverage,parent_of,bug_escape_rate,True
bug_escape_rate,change_failure_rate,correlated_with,bug_escape_rate,True
bug_escape_rate,code_coverage,correlated_with,bug_escape_rate,True
bug_escape_rate,tech_debt_ratio,correlated_with,bug_escape_rate,True
customer_health_score,csat,parent_of,csat,True
csat,stg_csat_response_row,parent_of,csat,True
csat,fcr_rate,parent_of,csat,True
csat,first_response_time,parent_of,csat,True
csat,sla_breach_rate,parent_of,csat,True
csat,ticket_resolution_rate,parent_of,csat,True
csat,tickets_per_customer,parent_of,csat,True
csat,time_to_resolution,parent_of,csat,True
csat,nps,correlated_with,csat,True
csat,churn_rate,correlated_with,csat,True
csat,api_latency_p95,correlated_with,csat,True
csat,app_store_rating,correlated_with,csat,True
csat,ces,correlated_with,csat,True
csat,complaint_resolution_rate,correlated_with,csat,True
csat,complaints_count,correlated_with,csat,True
csat,cx_csat,correlated_with,csat,True
csat,error_rate,correlated_with,csat,True
csat,fcr_rate,correlated_with,csat,True
csat,first_response_time,correlated_with,csat,True
csat,ops_north_star,correlated_with,csat,True
csat,product_return_rate,correlated_with,csat,True
csat,refund_rate,correlated_with,csat,True
csat,review_rating,correlated_with,csat,True
csat,sla_breach_rate,correlated_with,csat,True
csat,sla_compliance_rate,correlated_with,csat,True
csat,support_tickets_opened,correlated_with,csat,True
csat,survey_response_rate,correlated_with,csat,True
csat,tickets_per_customer,correlated_with,csat,True
csat,time_to_resolution,correlated_with,csat,True
clv,customer_retention_rate,parent_of,customer_retention_rate,True
customer_retention_rate,customer_churn_rate,parent_of,customer_retention_rate,True
customer_retention_rate,nrr,correlated_with,customer_retention_rate,True
customer_retention_rate,renewal_rate,correlated_with,customer_retention_rate,True
customer_retention_rate,repeat_purchase_rate,correlated_with,customer_retention_rate,True
dau_mau_ratio,d30_retention,parent_of,d30_retention,True
d30_retention,mau,parent_of,d30_retention,True
d30_retention,user_signups,parent_of,d30_retention,True
d30_retention,d7_retention,parent_of,d30_retention,True
d30_retention,d7_retention,correlated_with,d30_retention,True
d30_retention,churn_rate,correlated_with,d30_retention,True
d30_retention,cohort_churn,correlated_with,d30_retention,True
d30_retention,cohort_ltv_12m,correlated_with,d30_retention,True
d30_retention,product_churn_rate,correlated_with,d30_retention,True
d30_retention,d7_retention,parent_of,d7_retention,True
d7_retention,dau,parent_of,d7_retention,True
d7_retention,user_signups,parent_of,d7_retention,True
d7_retention,d30_retention,correlated_with,d7_retention,True
d7_retention,activation_rate,correlated_with,d7_retention,True
d7_retention,dau_mau_ratio,correlated_with,d7_retention,True
dau_mau_ratio,dau,parent_of,dau,True
account_health_score,dau,parent_of,dau,True
churn_prediction_score,dau,parent_of,dau,True
d7_retention,dau,parent_of,dau,True
feature_adoption,dau,parent_of,dau,True
wau,dau,parent_of,dau,True
dau,stg_user_event_row,parent_of,dau,True
dau,push_open_rate,parent_of,dau,True
dau,mau,correlated_with,dau,True
dau,wau,correlated_with,dau,True
dau,api_consumers,correlated_with,dau,True
dau,app_downloads,correlated_with,dau,True
dau,avg_session_duration,correlated_with,dau,True
dau,stg_events_count,correlated_with,dau,True
dau,stg_sessions_count,correlated_with,dau,True
customer_health_score,dau_mau_ratio,parent_of,dau_mau_ratio,True
dau_mau_ratio,dau,parent_of,dau_mau_ratio,True
dau_mau_ratio,mau,parent_of,dau_mau_ratio,True
dau_mau_ratio,activation_rate,parent_of,dau_mau_ratio,True
dau_mau_ratio,avg_session_duration,parent_of,dau_mau_ratio,True
dau_mau_ratio,d30_retention,parent_of,dau_mau_ratio,True
dau_mau_ratio,error_rate,parent_of,dau_mau_ratio,True
dau_mau_ratio,feature_adoption_rate,parent_of,dau_mau_ratio,True
dau_mau_ratio,retention_d30,parent_of,dau_mau_ratio,True
dau_mau_ratio,session_length,parent_of,dau_mau_ratio,True
dau_mau_ratio,sessions_per_user,parent_of,dau_mau_ratio,True
dau_mau_ratio,time_to_value,parent_of,dau_mau_ratio,True
dau_mau_ratio,wau,parent_of,dau_mau_ratio,True
dau_mau_ratio,session_length,correlated_with,dau_mau_ratio,True
dau_mau_ratio,d7_retention,correlated_with,dau_mau_ratio,True
dau_mau_ratio,feature_adoption,correlated_with,dau_mau_ratio,True
dau_mau_ratio,push_open_rate,correlated_with,dau_mau_ratio,True
dau_mau_ratio,retention_d30,correlated_with,dau_mau_ratio,True
dau_mau_ratio,sessions_per_user,correlated_with,dau_mau_ratio,True
change_failure_rate,deployment_frequency,parent_of,deployment_frequency,True
deployment_frequency,lead_time_for_changes,parent_of,deployment_frequency,True
deployment_frequency,sprint_velocity,parent_of,deployment_frequency,True
deployment_frequency,change_failure_rate,correlated_with,deployment_frequency,True
deployment_frequency,pr_merge_time,correlated_with,deployment_frequency,True
deployment_frequency,lead_time_for_changes,correlated_with,deployment_frequency,True
deployment_frequency,rd_headcount,correlated_with,deployment_frequency,True
deployment_frequency,rd_headcount_pct,correlated_with,deployment_frequency,True
deployment_frequency,sprint_velocity,correlated_with,deployment_frequency,True
engagement_score,enps,parent_of,enps,True
enps,engagement_score,correlated_with,enps,True
enps,nps,correlated_with,enps,True
dau_mau_ratio,feature_adoption_rate,parent_of,feature_adoption_rate,True
customer_health_score,feature_adoption_rate,parent_of,feature_adoption_rate,True
churn_prediction_score,feature_adoption_rate,parent_of,feature_adoption_rate,True
feature_adoption_rate,stg_user_event_row,parent_of,feature_adoption_rate,True
feature_adoption_rate,feature_adoption,parent_of,feature_adoption_rate,True
feature_adoption_rate,expansion_arr,correlated_with,feature_adoption_rate,True
feature_adoption_rate,nps,correlated_with,feature_adoption_rate,True
feature_adoption_rate,avg_session_duration,correlated_with,feature_adoption_rate,True
feature_adoption_rate,feature_request_volume,correlated_with,feature_adoption_rate,True
feature_adoption_rate,onboarding_completion_rate,correlated_with,feature_adoption_rate,True
feature_adoption_rate,time_to_value,correlated_with,feature_adoption_rate,True
grr,gross_dollar_retention,parent_of,gross_dollar_retention,True
gross_dollar_retention,nrr,correlated_with,gross_dollar_retention,True
gross_dollar_retention,grr,correlated_with,gross_dollar_retention,True
dau_mau_ratio,mau,parent_of,mau,True
active_paying_users,mau,parent_of,mau,True
d30_retention,mau,parent_of,mau,True
mau,stg_user_event_row,parent_of,mau,True
mau,api_consumers,parent_of,mau,True
mau,new_user_signups,parent_of,mau,True
mau,product_churn_rate,parent_of,mau,True
mau,dau,correlated_with,mau,True
mau,wau,correlated_with,mau,True
error_rate,product_uptime_sla,parent_of,product_uptime_sla,True
product_uptime_sla,stg_downtime_event_row,parent_of,product_uptime_sla,True
product_uptime_sla,uptime,parent_of,product_uptime_sla,True
product_uptime_sla,error_rate,correlated_with,product_uptime_sla,True
product_uptime_sla,api_latency_p95,correlated_with,product_uptime_sla,True
dau_mau_ratio,retention_d30,parent_of,retention_d30,True
retention_d30,stg_user_event_row,parent_of,retention_d30,True
retention_d30,churn_rate,correlated_with,retention_d30,True
retention_d30,dau_mau_ratio,correlated_with,retention_d30,True
retention_d30,churn_prediction_score,correlated_with,retention_d30,True
ops_north_star,system_uptime,parent_of,system_uptime,True
system_uptime,stg_downtime_event_row,parent_of,system_uptime,True
system_uptime,mtbf,parent_of,system_uptime,True
system_uptime,mttr,parent_of,system_uptime,True
system_uptime,work_order_resolution_time,parent_of,system_uptime,True
system_uptime,preventive_maintenance_rate,correlated_with,system_uptime,True
system_uptime,mtbf,correlated_with,system_uptime,True
product_uptime_sla,uptime,parent_of,uptime,True
uptime,incident_count,parent_of,uptime,True
uptime,change_failure_rate,parent_of,uptime,True
uptime,mttd,parent_of,uptime,True
uptime,rcr_rate,parent_of,uptime,True
uptime,error_rate,correlated_with,uptime,True
uptime,mttr,correlated_with,uptime,True
dau_mau_ratio,wau,parent_of,wau,True
wau,dau,parent_of,wau,True
wau,dau,correlated_with,wau,True
wau,mau,correlated_with,wau,True
cogs,shrinkage_rate,parent_of,shrinkage_rate,True
shrinkage_rate,inventory_value,correlated_with,shrinkage_rate,True
shrinkage_rate,vendor_compliance_rate,correlated_with,shrinkage_rate,True
billings,stg_invoices_amount,parent_of,stg_invoices_amount,True
stg_invoices_amount,billings,correlated_with,stg_invoices_amount,True
stg_invoices_amount,recognized_revenue,correlated_with,stg_invoices_amount,True
billings,stg_invoices_count,parent_of,stg_invoices_count,True
stg_invoices_count,billings,correlated_with,stg_invoices_count,True
stg_invoices_count,dso,correlated_with,stg_invoices_count,True
aov,stg_purchases_count,parent_of,stg_purchases_count,True
cross_sell_rate,stg_purchases_count,parent_of,stg_purchases_count,True
purchase_frequency,stg_purchases_count,parent_of,stg_purchases_count,True
refund_rate,stg_purchases_count,parent_of,stg_purchases_count,True
repeat_purchase_rate,stg_purchases_count,parent_of,stg_purchases_count,True
upsell_rate,stg_purchases_count,parent_of,stg_purchases_count,True
stg_purchases_count,purchase_frequency,correlated_with,stg_purchases_count,True
stg_purchases_count,aov,correlated_with,stg_purchases_count,True
stg_purchases_count,repeat_purchase_rate,correlated_with,stg_purchases_count,True
refund_rate,stg_refund_amount,parent_of,stg_refund_amount,True
stg_refund_amount,refund_rate,correlated_with,stg_refund_amount,True
stg_refund_amount,net_revenue,correlated_with,stg_refund_amount,True
refund_rate,stg_refunds_count,parent_of,stg_refunds_count,True
stg_refunds_count,refund_rate,correlated_with,stg_refunds_count,True
stg_refunds_count,product_return_rate,correlated_with,stg_refunds_count,True
student_attendance_rate,adm,parent_of,adm,True
adm,school_enrollment,correlated_with,adm,True
adm,per_pupil_expenditure,correlated_with,adm,True
student_proficiency,avg_teacher_experience,parent_of,avg_teacher_experience,True
avg_teacher_experience,teacher_retention_rate,correlated_with,avg_teacher_experience,True
avg_teacher_experience,ela_proficiency_rate,correlated_with,avg_teacher_experience,True
student_proficiency,ell_pct,parent_of,ell_pct,True
ell_pct,ela_proficiency_rate,correlated_with,ell_pct,True
ell_pct,chronic_absenteeism_rate,correlated_with,ell_pct,True
student_proficiency,frl_pct,parent_of,frl_pct,True
frl_pct,iep_pct,correlated_with,frl_pct,True
frl_pct,chronic_absenteeism_rate,correlated_with,frl_pct,True
frl_pct,per_pupil_expenditure,correlated_with,frl_pct,True
student_proficiency,iep_pct,parent_of,iep_pct,True
iep_pct,per_pupil_expenditure,correlated_with,iep_pct,True
iep_pct,ela_proficiency_rate,correlated_with,iep_pct,True
iep_pct,frl_pct,correlated_with,iep_pct,True
ap_participation_rate,school_enrollment,parent_of,school_enrollment,True
school_enrollment,adm,correlated_with,school_enrollment,True
school_enrollment,per_pupil_expenditure,correlated_with,school_enrollment,True
student_proficiency,stg_student_assessment_row,parent_of,stg_student_assessment_row,True
ell_proficiency_growth,stg_student_assessment_row,parent_of,stg_student_assessment_row,True
student_growth_percentile,stg_student_assessment_row,parent_of,stg_student_assessment_row,True
current_ratio,accounts_payable,parent_of,accounts_payable,True
dpo,accounts_payable,parent_of,accounts_payable,True
working_capital,accounts_payable,parent_of,accounts_payable,True
accounts_payable,dpo,correlated_with,accounts_payable,True
accounts_payable,working_capital,correlated_with,accounts_payable,True
current_ratio,accounts_receivable,parent_of,accounts_receivable,True
dso,accounts_receivable,parent_of,accounts_receivable,True
working_capital,accounts_receivable,parent_of,accounts_receivable,True
accounts_receivable,dso,correlated_with,accounts_receivable,True
accounts_receivable,billings,correlated_with,accounts_receivable,True
budget_variance,annual_budget,parent_of,annual_budget,True
forecast_accuracy,annual_budget,parent_of,annual_budget,True
headcount_vs_budget,annual_budget,parent_of,annual_budget,True
annual_budget,budget_variance,correlated_with,annual_budget,True
annual_budget,opex,correlated_with,annual_budget,True
new_user_signups,app_downloads,parent_of,app_downloads,True
app_downloads,dau,correlated_with,app_downloads,True
app_downloads,activation_rate,correlated_with,app_downloads,True
domain_authority,backlink_count,parent_of,backlink_count,True
backlink_count,domain_authority,correlated_with,backlink_count,True
backlink_count,organic_sessions,correlated_with,backlink_count,True
backlink_count,referral_sessions,correlated_with,backlink_count,True
domain_authority,backlinks_count,parent_of,backlinks_count,True
backlinks_count,domain_authority,correlated_with,backlinks_count,True
backlinks_count,organic_traffic,correlated_with,backlinks_count,True
backlinks_count,keywords_top10,correlated_with,backlinks_count,True
engagement_score,benefits_utilization,parent_of,benefits_utilization,True
benefits_utilization,engagement_score,correlated_with,benefits_utilization,True
benefits_utilization,total_comp_expense,correlated_with,benefits_utilization,True
current_ratio,cash_and_equivalents,parent_of,cash_and_equivalents,True
net_debt,cash_and_equivalents,parent_of,cash_and_equivalents,True
working_capital,cash_and_equivalents,parent_of,cash_and_equivalents,True
cash_and_equivalents,burn_rate,correlated_with,cash_and_equivalents,True
cash_and_equivalents,runway_months,correlated_with,cash_and_equivalents,True
cash_and_equivalents,dso,correlated_with,cash_and_equivalents,True
attendance_rate,chronic_absenteeism,parent_of,chronic_absenteeism,True
student_proficiency,chronic_absenteeism,parent_of,chronic_absenteeism,True
chronic_absenteeism,absenteeism_by_subgroup,parent_of,chronic_absenteeism,True
chronic_absenteeism,stg_attendance_row,parent_of,chronic_absenteeism,True
chronic_absenteeism,student_proficiency,correlated_with,chronic_absenteeism,True
chronic_absenteeism,absenteeism_by_subgroup,correlated_with,chronic_absenteeism,True
chronic_absenteeism,average_daily_attendance,correlated_with,chronic_absenteeism,True
chronic_absenteeism,credit_accumulation_rate,correlated_with,chronic_absenteeism,True
bug_escape_rate,code_coverage,parent_of,code_coverage,True
code_coverage,bug_escape_rate,correlated_with,code_coverage,True
code_coverage,change_failure_rate,correlated_with,code_coverage,True
code_coverage,tech_debt_ratio,correlated_with,code_coverage,True
gross_profit,cogs_stg,parent_of,cogs_stg,True
dpo,cogs_stg,parent_of,cogs_stg,True
inventory_turnover,cogs_stg,parent_of,cogs_stg,True
cogs_stg,gross_margin_pct,correlated_with,cogs_stg,True
cogs_stg,inventory_turnover,correlated_with,cogs_stg,True
cogs_stg,inventory_value,correlated_with,cogs_stg,True
college_enrollment_rate,college_enrollment,parent_of,college_enrollment,True
college_enrollment,fafsa_completion_rate,parent_of,college_enrollment,True
college_enrollment,graduation_rate,parent_of,college_enrollment,True
college_enrollment,student_proficiency,correlated_with,college_enrollment,True
college_enrollment,graduation_rate,correlated_with,college_enrollment,True
college_enrollment,advanced_course_enrollment_rate,correlated_with,college_enrollment,True
college_enrollment,fafsa_completion_rate,correlated_with,college_enrollment,True
billings,contracted_unbilled,parent_of,contracted_unbilled,True
contracted_unbilled,arr,correlated_with,contracted_unbilled,True
contracted_unbilled,billings,correlated_with,contracted_unbilled,True
contracted_unbilled,committed_arr,correlated_with,contracted_unbilled,True
revenue,customer_count,parent_of,customer_count,True
customer_count,stg_customer_count,parent_of,customer_count,True
customer_count,net_new_customers,correlated_with,customer_count,True
customer_count,logo_churn_rate,correlated_with,customer_count,True
customer_count,customer_churn_rate,correlated_with,customer_count,True
customer_count,revenue,correlated_with,customer_count,True
cac,customers_by_channel,parent_of,customers_by_channel,True
customers_by_channel,stg_lead_row,parent_of,customers_by_channel,True
customers_by_channel,cac,correlated_with,customers_by_channel,True
customers_by_channel,new_arr,correlated_with,customers_by_channel,True
ebitda,da,parent_of,da,True
operating_cash_flow,da,parent_of,da,True
da,capex,correlated_with,da,True
da,free_cash_flow,correlated_with,da,True
mql,demo_requests,parent_of,demo_requests,True
demo_requests,mql,correlated_with,demo_requests,True
demo_requests,sql,correlated_with,demo_requests,True
demo_requests,form_conversion_rate,correlated_with,demo_requests,True
net_revenue,discount_rate,parent_of,discount_rate,True
discount_rate,gross_revenue,correlated_with,discount_rate,True
discount_rate,aov,correlated_with,discount_rate,True
ebitda,ebitda_bridge_price,parent_of,ebitda_bridge_price,True
ebitda_bridge_price,ebitda_bridge_volume,correlated_with,ebitda_bridge_price,True
ebitda,ebitda_bridge_volume,parent_of,ebitda_bridge_volume,True
ebitda_bridge_volume,ebitda_bridge_price,correlated_with,ebitda_bridge_volume,True
cost_per_unit,energy_cost_per_unit,parent_of,energy_cost_per_unit,True
energy_cost_per_unit,capacity_utilization_rate,correlated_with,energy_cost_per_unit,True
energy_cost_per_unit,carbon_emissions_per_unit,correlated_with,energy_cost_per_unit,True
mql,event_attendees,parent_of,event_attendees,True
event_attendees,mql,correlated_with,event_attendees,True
event_attendees,cost_per_event_attendee,correlated_with,event_attendees,True
suspension_rate,expulsion_rate,parent_of,expulsion_rate,True
expulsion_rate,suspension_rate,correlated_with,expulsion_rate,True
expulsion_rate,dropout_rate,correlated_with,expulsion_rate,True
school_climate_score,extracurricular_rate,parent_of,extracurricular_rate,True
extracurricular_rate,school_climate_score,correlated_with,extracurricular_rate,True
extracurricular_rate,student_attendance_rate,correlated_with,extracurricular_rate,True
school_climate_score,family_engagement_rate,parent_of,family_engagement_rate,True
family_engagement_rate,school_climate_score,correlated_with,family_engagement_rate,True
family_engagement_rate,student_attendance_rate,correlated_with,family_engagement_rate,True
nps,feature_request_volume,parent_of,feature_request_volume,True
feature_request_volume,nps,correlated_with,feature_request_volume,True
feature_request_volume,feature_adoption_rate,correlated_with,feature_request_volume,True
activation_rate,funnel_dropoff,parent_of,funnel_dropoff,True
funnel_dropoff,activation_rate,correlated_with,funnel_dropoff,True
funnel_dropoff,session_to_lead_rate,correlated_with,funnel_dropoff,True
ctr,impressions,parent_of,impressions,True
cpm,impressions,parent_of,impressions,True
impressions,stg_ad_spend_row,parent_of,impressions,True
impressions,ad_clicks,correlated_with,impressions,True
impressions,share_of_voice,correlated_with,impressions,True
impressions,social_followers,correlated_with,impressions,True
gmv,marketplace_buyers,parent_of,marketplace_buyers,True
marketplace_buyers,marketplace_sellers,correlated_with,marketplace_buyers,True
marketplace_buyers,aov,correlated_with,marketplace_buyers,True
gmv,marketplace_sellers,parent_of,marketplace_sellers,True
marketplace_sellers,marketplace_buyers,correlated_with,marketplace_sellers,True
marketplace_sellers,take_rate,correlated_with,marketplace_sellers,True
marketplace_sellers,liquidity_rate,correlated_with,marketplace_sellers,True
net_new_customers,monthly_new_customers,parent_of,monthly_new_customers,True
cac,monthly_new_customers,parent_of,monthly_new_customers,True
monthly_new_customers,cac,correlated_with,monthly_new_customers,True
monthly_new_customers,revenue_growth_rate,correlated_with,monthly_new_customers,True
student_proficiency,on_time_lesson_delivery,parent_of,on_time_lesson_delivery,True
on_time_lesson_delivery,teacher_retention_rate,correlated_with,on_time_lesson_delivery,True
on_time_lesson_delivery,attendance_rate,correlated_with,on_time_lesson_delivery,True
time_to_hire,open_requisitions,parent_of,open_requisitions,True
open_requisitions,time_to_fill,correlated_with,open_requisitions,True
open_requisitions,headcount_vs_budget,correlated_with,open_requisitions,True
viral_coefficient,oss_stars,parent_of,oss_stars,True
oss_stars,domain_authority,correlated_with,oss_stars,True
oss_stars,viral_coefficient,correlated_with,oss_stars,True
workforce_productivity,overtime_hours,parent_of,overtime_hours,True
overtime_hours,workforce_productivity,correlated_with,overtime_hours,True
overtime_hours,absenteeism_rate,correlated_with,overtime_hours,True
earned_media_value,pr_mentions,parent_of,pr_mentions,True
pr_mentions,earned_media_value,correlated_with,pr_mentions,True
pr_mentions,domain_authority,correlated_with,pr_mentions,True
pr_mentions,social_engagement_rate,correlated_with,pr_mentions,True
lead_time_for_changes,pr_merge_time,parent_of,pr_merge_time,True
pr_merge_time,deployment_frequency,correlated_with,pr_merge_time,True
pr_merge_time,sprint_velocity,correlated_with,pr_merge_time,True
offer_acceptance_rate,recruiting_pipeline,parent_of,recruiting_pipeline,True
time_to_hire,recruiting_pipeline,parent_of,recruiting_pipeline,True
recruiting_pipeline,time_to_hire,correlated_with,recruiting_pipeline,True
recruiting_pipeline,offer_acceptance_rate,correlated_with,recruiting_pipeline,True
website_sessions,referral_sessions,parent_of,referral_sessions,True
referral_sessions,stg_session_row,parent_of,referral_sessions,True
referral_sessions,organic_sessions,correlated_with,referral_sessions,True
referral_sessions,backlink_count,correlated_with,referral_sessions,True
engagement_score,remote_work_rate,parent_of,remote_work_rate,True
remote_work_rate,absenteeism_rate,correlated_with,remote_work_rate,True
remote_work_rate,engagement_score,correlated_with,remote_work_rate,True
avg_sales_cycle,sales_cycle_by_segment,parent_of,sales_cycle_by_segment,True
sales_cycle_by_segment,avg_sales_cycle,correlated_with,sales_cycle_by_segment,True
sales_cycle_by_segment,win_rate,correlated_with,sales_cycle_by_segment,True
market_penetration_rate,sam,parent_of,sam,True
sam,tam,correlated_with,sam,True
sam,market_share,correlated_with,sam,True
turnover_rate,separations,parent_of,separations,True
regrettable_attrition,separations,parent_of,separations,True
voluntary_turnover,separations,parent_of,separations,True
separations,voluntary_turnover,correlated_with,separations,True
separations,regrettable_attrition,correlated_with,separations,True
roe,shareholder_equity,parent_of,shareholder_equity,True
debt_to_equity,shareholder_equity,parent_of,shareholder_equity,True
shareholder_equity,total_assets,parent_of,shareholder_equity,True
shareholder_equity,total_liabilities,parent_of,shareholder_equity,True
shareholder_equity,roe,correlated_with,shareholder_equity,True
shareholder_equity,net_debt,correlated_with,shareholder_equity,True
shareholder_equity,total_assets,correlated_with,shareholder_equity,True
magic_number,sm_spend,parent_of,sm_spend,True
cac_payback,sm_spend,parent_of,sm_spend,True
sm_spend,cac,correlated_with,sm_spend,True
sm_spend,marketing_cac,correlated_with,sm_spend,True
attendance_rate,stg_attendance_row,parent_of,stg_attendance_row,True
chronic_absenteeism,stg_attendance_row,parent_of,stg_attendance_row,True
absenteeism_by_subgroup,stg_attendance_row,parent_of,stg_attendance_row,True
average_daily_attendance,stg_attendance_row,parent_of,stg_attendance_row,True
cogs,stg_cogs_event,parent_of,stg_cogs_event,True
customer_churn_rate,stg_customer_count,parent_of,stg_customer_count,True
customer_count,stg_customer_count,parent_of,stg_customer_count,True
repeat_purchase_rate,stg_customer_count,parent_of,stg_customer_count,True
stg_customer_count,customer_churn_rate,correlated_with,stg_customer_count,True
stg_customer_count,net_new_customers,correlated_with,stg_customer_count,True
suspension_rate,stg_discipline_row,parent_of,stg_discipline_row,True
system_uptime,stg_downtime_event_row,parent_of,stg_downtime_event_row,True
mtbf,stg_downtime_event_row,parent_of,stg_downtime_event_row,True
product_uptime_sla,stg_downtime_event_row,parent_of,stg_downtime_event_row,True
headcount_fte,stg_employee_row,parent_of,stg_employee_row,True
employee_attrition_rate,stg_employee_row,parent_of,stg_employee_row,True
teacher_retention_rate,stg_employee_row,parent_of,stg_employee_row,True
training_hours_per_employee,stg_employee_row,parent_of,stg_employee_row,True
headcount,stg_employees_count,parent_of,stg_employees_count,True
stg_employees_count,headcount,correlated_with,stg_employees_count,True
stg_employees_count,turnover_rate,correlated_with,stg_employees_count,True
enrollment_count,stg_enrollment_row,parent_of,stg_enrollment_row,True
advanced_course_enrollment_rate,stg_enrollment_row,parent_of,stg_enrollment_row,True
seat_fill_rate,stg_enrollment_row,parent_of,stg_enrollment_row,True
feature_adoption,stg_events_count,parent_of,stg_events_count,True
stg_events_count,dau,correlated_with,stg_events_count,True
stg_events_count,feature_adoption,correlated_with,stg_events_count,True
dso,stg_invoice_row,parent_of,stg_invoice_row,True
ar_aging_90d,stg_invoice_row,parent_of,stg_invoice_row,True
billings,stg_invoice_row,parent_of,stg_invoice_row,True
deferred_revenue,stg_invoice_row,parent_of,stg_invoice_row,True
time_to_fill,stg_job_requisition_row,parent_of,stg_job_requisition_row,True
internal_promotion_rate,stg_job_requisition_row,parent_of,stg_job_requisition_row,True
opex,stg_opex_line,parent_of,stg_opex_line,True
avg_deal_size,stg_opportunities_count,parent_of,stg_opportunities_count,True
stg_opportunities_count,sql,correlated_with,stg_opportunities_count,True
stg_opportunities_count,pipeline_generated,correlated_with,stg_opportunities_count,True
win_rate,stg_opportunity_row,parent_of,stg_opportunity_row,True
sales_cycle_length,stg_opportunity_row,parent_of,stg_opportunity_row,True
pipeline_value,stg_opportunity_row,parent_of,stg_opportunity_row,True
acv,stg_opportunity_row,parent_of,stg_opportunity_row,True
bookings,stg_opportunity_row,parent_of,stg_opportunity_row,True
marketing_influenced_pipeline,stg_opportunity_row,parent_of,stg_opportunity_row,True
quota_attainment,stg_opportunity_row,parent_of,stg_opportunity_row,True
aov,stg_order_amount_sum,parent_of,stg_order_amount_sum,True
gross_revenue,stg_order_amount_sum,parent_of,stg_order_amount_sum,True
stg_order_amount_sum,gross_revenue,correlated_with,stg_order_amount_sum,True
stg_order_amount_sum,aov,correlated_with,stg_order_amount_sum,True
cycle_time,stg_orders_count,parent_of,stg_orders_count,True
order_fulfillment_rate,stg_orders_count,parent_of,stg_orders_count,True
otd_rate,stg_orders_count,parent_of,stg_orders_count,True
throughput,stg_orders_count,parent_of,stg_orders_count,True
stg_orders_count,total_revenue,correlated_with,stg_orders_count,True
stg_orders_count,aov,correlated_with,stg_orders_count,True
website_sessions,stg_page_view_row,parent_of,stg_page_view_row,True
website_sessions,stg_page_views,parent_of,stg_page_views,True
stg_page_views,website_sessions,correlated_with,stg_page_views,True
stg_page_views,bounce_rate,correlated_with,stg_page_views,True
cross_sell_rate,stg_products_active,parent_of,stg_products_active,True
stg_products_active,cross_sell_rate,correlated_with,stg_products_active,True
stg_products_active,aov,correlated_with,stg_products_active,True
defect_rate,stg_quality_inspection_row,parent_of,stg_quality_inspection_row,True
return_rate,stg_return_row,parent_of,stg_return_row,True
organic_sessions,stg_session_row,parent_of,stg_session_row,True
website_sessions,stg_session_row,parent_of,stg_session_row,True
bounce_rate,stg_session_row,parent_of,stg_session_row,True
paid_sessions,stg_session_row,parent_of,stg_session_row,True
referral_sessions,stg_session_row,parent_of,stg_session_row,True
sessions_per_user,stg_sessions_count,parent_of,stg_sessions_count,True
stg_sessions_count,dau,correlated_with,stg_sessions_count,True
stg_sessions_count,session_length,correlated_with,stg_sessions_count,True
on_time_delivery_rate,stg_shipment_row,parent_of,stg_shipment_row,True
order_accuracy_rate,stg_shipment_row,parent_of,stg_shipment_row,True
mrr,stg_subscription_row,parent_of,stg_subscription_row,True
arr,stg_subscription_row,parent_of,stg_subscription_row,True
cohort_revenue_retention,stg_subscription_row,parent_of,stg_subscription_row,True
customer_concentration_risk,stg_subscription_row,parent_of,stg_subscription_row,True
logo_churn_rate,stg_subscription_row,parent_of,stg_subscription_row,True
renewal_rate,stg_subscription_row,parent_of,stg_subscription_row,True
active_paying_users,stg_subscriptions_active,parent_of,stg_subscriptions_active,True
new_arr,stg_subscriptions_active,parent_of,stg_subscriptions_active,True
stg_subscriptions_active,arr,correlated_with,stg_subscriptions_active,True
stg_subscriptions_active,mrr,correlated_with,stg_subscriptions_active,True
stg_subscriptions_active,logo_churn_rate,correlated_with,stg_subscriptions_active,True
employee_engagement_score,stg_survey_response_row,parent_of,stg_survey_response_row,True
manager_effectiveness_score,stg_survey_response_row,parent_of,stg_survey_response_row,True
school_culture_score,stg_survey_response_row,parent_of,stg_survey_response_row,True
dau,stg_user_event_row,parent_of,stg_user_event_row,True
mau,stg_user_event_row,parent_of,stg_user_event_row,True
activation_rate,stg_user_event_row,parent_of,stg_user_event_row,True
avg_session_duration,stg_user_event_row,parent_of,stg_user_event_row,True
feature_adoption_rate,stg_user_event_row,parent_of,stg_user_event_row,True
new_user_signups,stg_user_event_row,parent_of,stg_user_event_row,True
onboarding_completion_rate,stg_user_event_row,parent_of,stg_user_event_row,True
retention_d30,stg_user_event_row,parent_of,stg_user_event_row,True
time_to_value,stg_user_event_row,parent_of,stg_user_event_row,True
fleet_utilization_rate,stg_vehicle_trip_row,parent_of,stg_vehicle_trip_row,True
cost_per_mile,stg_vehicle_trip_row,parent_of,stg_vehicle_trip_row,True
work_order_resolution_time,stg_work_order_row,parent_of,stg_work_order_row,True
preventive_maintenance_rate,stg_work_order_row,parent_of,stg_work_order_row,True
nps,survey_response_rate,parent_of,survey_response_rate,True
survey_response_rate,nps,correlated_with,survey_response_rate,True
survey_response_rate,csat,correlated_with,survey_response_rate,True
survey_response_rate,engagement_score,correlated_with,survey_response_rate,True
market_penetration_rate,tam,parent_of,tam,True
tam,sam,correlated_with,tam,True
tam,market_share,correlated_with,tam,True
nps,testimonials_count,parent_of,testimonials_count,True
testimonials_count,review_rating,correlated_with,testimonials_count,True
testimonials_count,nps,correlated_with,testimonials_count,True
roa,total_assets,parent_of,total_assets,True
current_ratio,total_assets,parent_of,total_assets,True
roic,total_assets,parent_of,total_assets,True
shareholder_equity,total_assets,parent_of,total_assets,True
total_assets,total_liabilities,correlated_with,total_assets,True
total_assets,shareholder_equity,correlated_with,total_assets,True
debt_to_equity,total_debt,parent_of,total_debt,True
net_debt,total_debt,parent_of,total_debt,True
interest_coverage,total_debt,parent_of,total_debt,True
roic,total_debt,parent_of,total_debt,True
total_debt,leverage_ratio,correlated_with,total_debt,True
total_debt,interest_coverage,correlated_with,total_debt,True
shareholder_equity,total_liabilities,parent_of,total_liabilities,True
total_liabilities,total_assets,correlated_with,total_liabilities,True
total_liabilities,debt_to_equity,correlated_with,total_liabilities,True
plg_rate,trial_signups,parent_of,trial_signups,True
trial_to_paid_rate,trial_signups,parent_of,trial_signups,True
free_to_paid_rate,trial_signups,parent_of,trial_signups,True
trial_signups,activation_rate,correlated_with,trial_signups,True
trial_signups,free_to_paid_rate,correlated_with,trial_signups,True
trial_signups,user_signups,correlated_with,trial_signups,True
d30_retention,user_signups,parent_of,user_signups,True
d7_retention,user_signups,parent_of,user_signups,True
viral_coefficient,user_signups,parent_of,user_signups,True
user_signups,activation_rate,correlated_with,user_signups,True
user_signups,trial_signups,correlated_with,user_signups,True
win_rate,competitive_win_rate,parent_of,competitive_win_rate,True
competitive_win_rate,win_rate,correlated_with,competitive_win_rate,True
competitive_win_rate,avg_deal_size,correlated_with,competitive_win_rate,True
cx_csat,complaints_count,parent_of,complaints_count,True
complaints_count,complaint_resolution_rate,correlated_with,complaints_count,True
complaints_count,csat,correlated_with,complaints_count,True
headcount,headcount_by_dept,parent_of,headcount_by_dept,True
headcount_by_dept,headcount,correlated_with,headcount_by_dept,True
headcount_by_dept,rd_headcount_pct,correlated_with,headcount_by_dept,True
revenue_per_employee,headcount_fte,parent_of,headcount_fte,True
teacher_student_ratio,headcount_fte,parent_of,headcount_fte,True
headcount_fte,stg_employee_row,parent_of,headcount_fte,True
headcount_fte,headcount_cost,correlated_with,headcount_fte,True
headcount_fte,opex,correlated_with,headcount_fte,True
headcount_fte,employee_attrition_rate,correlated_with,headcount_fte,True
headcount_fte,time_to_fill,correlated_with,headcount_fte,True
headcount,new_hires,parent_of,new_hires,True
cost_per_hire,new_hires,parent_of,new_hires,True
offer_acceptance_rate,new_hires,parent_of,new_hires,True
new_hires,cost_per_hire,correlated_with,new_hires,True
new_hires,time_to_fill,correlated_with,new_hires,True
rd_headcount_pct,rd_headcount,parent_of,rd_headcount,True
rd_headcount,rd_headcount_pct,correlated_with,rd_headcount,True
rd_headcount,deployment_frequency,correlated_with,rd_headcount,True
arr_per_rep,sales_headcount,parent_of,sales_headcount,True
sales_headcount,arr_per_rep,correlated_with,sales_headcount,True
sales_headcount,quota_attainment,correlated_with,sales_headcount,True
headcount_cost,stg_payroll_row,parent_of,stg_payroll_row,True
compensation_ratio,stg_payroll_row,parent_of,stg_payroll_row,True
sales_spend,stg_payroll_row,parent_of,stg_payroll_row,True
total_comp_expense,stg_payroll_total,parent_of,stg_payroll_total,True
stg_payroll_total,total_comp_expense,correlated_with,stg_payroll_total,True
stg_payroll_total,headcount,correlated_with,stg_payroll_total,True
opex,total_comp_expense,parent_of,total_comp_expense,True
hr_cost_pct_revenue,total_comp_expense,parent_of,total_comp_expense,True
cost_per_hire,total_comp_expense,parent_of,total_comp_expense,True
gender_pay_gap,total_comp_expense,parent_of,total_comp_expense,True
support_cost_per_ticket,total_comp_expense,parent_of,total_comp_expense,True
total_comp_expense,stg_payroll_total,parent_of,total_comp_expense,True
total_comp_expense,headcount,correlated_with,total_comp_expense,True
total_comp_expense,cost_per_hire,correlated_with,total_comp_expense,True
total_comp_expense,benefits_utilization,correlated_with,total_comp_expense,True
total_comp_expense,stg_payroll_total,correlated_with,total_comp_expense,True
ctr,ad_clicks,parent_of,ad_clicks,True
cpc,ad_clicks,parent_of,ad_clicks,True
ad_clicks,stg_ad_spend_row,parent_of,ad_clicks,True
ad_clicks,impressions,correlated_with,ad_clicks,True
ad_clicks,web_conversion_rate,correlated_with,ad_clicks,True
ad_ctr,ad_impressions,parent_of,ad_impressions,True
cpc,ad_impressions,parent_of,ad_impressions,True
ad_impressions,ad_ctr,correlated_with,ad_impressions,True
ad_impressions,cpc,correlated_with,ad_impressions,True
organic_traffic,content_published,parent_of,content_published,True
content_published,domain_authority,correlated_with,content_published,True
content_published,organic_traffic,correlated_with,content_published,True
organic_sessions,content_published_count,parent_of,content_published_count,True
content_published_count,organic_sessions,correlated_with,content_published_count,True
content_published_count,mql_count,correlated_with,content_published_count,True
content_published_count,top10_keyword_count,correlated_with,content_published_count,True
unsubscribe_rate,email_unsub_rate,parent_of,email_unsub_rate,True
email_unsub_rate,email_open_rate,correlated_with,email_unsub_rate,True
email_unsub_rate,email_ctr,correlated_with,email_unsub_rate,True
sql_count,mql_count,parent_of,mql_count,True
cac,mql_count,parent_of,mql_count,True
mql_to_sql_rate,mql_count,parent_of,mql_count,True
mql_count,stg_lead_row,parent_of,mql_count,True
mql_count,email_click_rate,parent_of,mql_count,True
mql_count,email_ctr,parent_of,mql_count,True
mql_count,unsubscribe_rate,parent_of,mql_count,True
mql_count,web_conversion_rate,parent_of,mql_count,True
mql_count,cost_per_mql,correlated_with,mql_count,True
mql_count,content_published_count,correlated_with,mql_count,True
mql_count,new_user_signups,correlated_with,mql_count,True
mql_count,website_sessions,correlated_with,mql_count,True
website_sessions,organic_sessions,parent_of,organic_sessions,True
organic_sessions,stg_session_row,parent_of,organic_sessions,True
organic_sessions,content_published_count,parent_of,organic_sessions,True
organic_sessions,keywords_top10,parent_of,organic_sessions,True
organic_sessions,top10_keyword_count,parent_of,organic_sessions,True
organic_sessions,paid_sessions,correlated_with,organic_sessions,True
organic_sessions,web_conversion_rate,correlated_with,organic_sessions,True
organic_sessions,backlink_count,correlated_with,organic_sessions,True
organic_sessions,content_published_count,correlated_with,organic_sessions,True
organic_sessions,referral_sessions,correlated_with,organic_sessions,True
organic_sessions,share_of_voice,correlated_with,organic_sessions,True
organic_sessions,social_followers,correlated_with,organic_sessions,True
organic_sessions,top10_keyword_count,correlated_with,organic_sessions,True
website_sessions,organic_traffic,parent_of,organic_traffic,True
organic_attribution_pct,organic_traffic,parent_of,organic_traffic,True
organic_traffic,content_published,parent_of,organic_traffic,True
organic_traffic,backlinks_count,correlated_with,organic_traffic,True
organic_traffic,content_published,correlated_with,organic_traffic,True
organic_traffic,domain_authority,correlated_with,organic_traffic,True
organic_traffic,keywords_top10,correlated_with,organic_traffic,True
website_sessions,paid_traffic,parent_of,paid_traffic,True
share_of_voice,social_followers,parent_of,social_followers,True
social_engagement_rate,social_followers,parent_of,social_followers,True
social_followers,organic_sessions,correlated_with,social_followers,True
social_followers,impressions,correlated_with,social_followers,True
cost_per_mql,stg_ad_spend,parent_of,stg_ad_spend,True
cpc,stg_ad_spend,parent_of,stg_ad_spend,True
cpl,stg_ad_spend,parent_of,stg_ad_spend,True
marketing_cac,stg_ad_spend,parent_of,stg_ad_spend,True
marketing_roi,stg_ad_spend,parent_of,stg_ad_spend,True
paid_attribution_pct,stg_ad_spend,parent_of,stg_ad_spend,True
stg_ad_spend,roas,correlated_with,stg_ad_spend,True
stg_ad_spend,cpc,correlated_with,stg_ad_spend,True
stg_ad_spend,marketing_cac,correlated_with,stg_ad_spend,True
marketing_spend,stg_ad_spend_row,parent_of,stg_ad_spend_row,True
ad_clicks,stg_ad_spend_row,parent_of,stg_ad_spend_row,True
impressions,stg_ad_spend_row,parent_of,stg_ad_spend_row,True
email_open_rate,stg_email_send_row,parent_of,stg_email_send_row,True
email_click_rate,stg_email_send_row,parent_of,stg_email_send_row,True
unsubscribe_rate,stg_email_send_row,parent_of,stg_email_send_row,True
mql_count,stg_lead_row,parent_of,stg_lead_row,True
customers_by_channel,stg_lead_row,parent_of,stg_lead_row,True
cpl,stg_leads_count,parent_of,stg_leads_count,True
form_conversion_rate,stg_leads_count,parent_of,stg_leads_count,True
lead_to_mql_rate,stg_leads_count,parent_of,stg_leads_count,True
mql,stg_leads_count,parent_of,stg_leads_count,True
session_to_lead_rate,stg_leads_count,parent_of,stg_leads_count,True
stg_leads_count,mql,correlated_with,stg_leads_count,True
stg_leads_count,cpl,correlated_with,stg_leads_count,True
webinar_attendance_rate,webinar_registrants,parent_of,webinar_registrants,True
webinar_registrants,webinar_attendance_rate,correlated_with,webinar_registrants,True
webinar_registrants,mql,correlated_with,webinar_registrants,True
mttd,incident_count,parent_of,incident_count,True
mttr,incident_count,parent_of,incident_count,True
uptime,incident_count,parent_of,incident_count,True
incident_count,mttr,correlated_with,incident_count,True
incident_count,mttd,correlated_with,incident_count,True
incident_count,rcr_rate,correlated_with,incident_count,True
inventory_turnover,inventory_value,parent_of,inventory_value,True
inventory_value,inventory_turnover,correlated_with,inventory_value,True
inventory_value,cogs_stg,correlated_with,inventory_value,True
inventory_value,shrinkage_rate,correlated_with,inventory_value,True
inventory_value,warehouse_utilization,correlated_with,inventory_value,True
csat,stg_csat_response_row,parent_of,stg_csat_response_row,True
cx_csat,stg_csat_response_row,parent_of,stg_csat_response_row,True
inventory_turnover,stg_inventory_items,parent_of,stg_inventory_items,True
stockout_rate,stg_inventory_items,parent_of,stg_inventory_items,True
stg_inventory_items,inventory_turnover,correlated_with,stg_inventory_items,True
stg_inventory_items,stockout_rate,correlated_with,stg_inventory_items,True
fill_rate,stg_order_line_row,parent_of,stg_order_line_row,True
supplier_lead_time,stg_purchase_order_row,parent_of,stg_purchase_order_row,True
procurement_savings_rate,stg_purchase_order_row,parent_of,stg_purchase_order_row,True
vendor_compliance_rate,stg_purchase_order_row,parent_of,stg_purchase_order_row,True
safety_incident_rate,stg_safety_incident_row,parent_of,stg_safety_incident_row,True
escalation_rate,stg_support_tickets,parent_of,stg_support_tickets,True
fcr_rate,stg_support_tickets,parent_of,stg_support_tickets,True
ticket_resolution_time,stg_support_tickets,parent_of,stg_support_tickets,True
tickets_per_agent,stg_support_tickets,parent_of,stg_support_tickets,True
stg_support_tickets,ticket_resolution_time,correlated_with,stg_support_tickets,True
stg_support_tickets,first_response_time,correlated_with,stg_support_tickets,True
stg_support_tickets,fcr_rate,correlated_with,stg_support_tickets,True
support_tickets_opened,stg_ticket_row,parent_of,stg_ticket_row,True
first_response_time,stg_ticket_row,parent_of,stg_ticket_row,True
time_to_resolution,stg_ticket_row,parent_of,stg_ticket_row,True
ticket_resolution_rate,support_tickets_opened,parent_of,support_tickets_opened,True
support_tickets_opened,stg_ticket_row,parent_of,support_tickets_opened,True
support_tickets_opened,csat,correlated_with,support_tickets_opened,True
support_tickets_opened,churn_rate,correlated_with,support_tickets_opened,True
tickets_per_customer,tickets_created,parent_of,tickets_created,True
tickets_created,ticket_resolution_time,correlated_with,tickets_created,True
tickets_created,sla_breach_rate,correlated_with,tickets_created,True
support_cost_per_ticket,tickets_resolved,parent_of,tickets_resolved,True
tickets_resolved,fcr_rate,correlated_with,tickets_resolved,True
tickets_resolved,support_cost_per_ticket,correlated_with,tickets_resolved,True
arr_growth_rate,arr,parent_of,arr,True
arr_per_rep,arr,parent_of,arr,True
employees_per_1m_arr,arr,parent_of,arr,True
market_penetration_rate,arr,parent_of,arr,True
revenue,arr,parent_of,arr,True
subscription_revenue,arr,parent_of,arr,True
arr,new_arr,parent_of,arr,True
arr,expansion_arr,parent_of,arr,True
arr,contraction_arr,parent_of,arr,True
arr,churned_arr,parent_of,arr,True
arr,acv,parent_of,arr,True
arr,bookings,parent_of,arr,True
arr,churn_rate,parent_of,arr,True
arr,committed_arr,parent_of,arr,True
arr,mrr,parent_of,arr,True
arr,net_revenue_retention,parent_of,arr,True
arr,stg_subscription_row,parent_of,arr,True
arr,mrr,correlated_with,arr,True
arr,nrr,correlated_with,arr,True
arr,grr,correlated_with,arr,True
arr,revenue_growth_rate,correlated_with,arr,True
arr,active_paying_users,correlated_with,arr,True
arr,acv,correlated_with,arr,True
arr,billings,correlated_with,arr,True
arr,bookings,correlated_with,arr,True
arr,committed_arr,correlated_with,arr,True
arr,contracted_unbilled,correlated_with,arr,True
arr,customer_concentration_risk,correlated_with,arr,True
arr,deferred_revenue,correlated_with,arr,True
arr,license_revenue,correlated_with,arr,True
arr,market_penetration_rate,correlated_with,arr,True
arr,payback_period,correlated_with,arr,True
arr,recognized_revenue,correlated_with,arr,True
arr,rule_of_40,correlated_with,arr,True
arr,saas_quick_ratio,correlated_with,arr,True
arr,stg_subscriptions_active,correlated_with,arr,True
arr,subscription_revenue,correlated_with,arr,True
arr,total_revenue,correlated_with,arr,True
arr,churn_rate,parent_of,churn_rate,True
net_revenue_retention,churn_rate,parent_of,churn_rate,True
customer_ltv,churn_rate,parent_of,churn_rate,True
churn_rate,at_risk_accounts,parent_of,churn_rate,True
churn_rate,cohort_churn,parent_of,churn_rate,True
churn_rate,customer_health_score,parent_of,churn_rate,True
churn_rate,logo_churn_rate,parent_of,churn_rate,True
churn_rate,mrr_churn_rate,parent_of,churn_rate,True
churn_rate,ltv_cac,correlated_with,churn_rate,True
churn_rate,customer_health_score,correlated_with,churn_rate,True
churn_rate,arpu,correlated_with,churn_rate,True
churn_rate,at_risk_accounts,correlated_with,churn_rate,True
churn_rate,cohort_revenue_retention,correlated_with,churn_rate,True
churn_rate,csat,correlated_with,churn_rate,True
churn_rate,customer_concentration_risk,correlated_with,churn_rate,True
churn_rate,customer_onboarding_time,correlated_with,churn_rate,True
churn_rate,d30_retention,correlated_with,churn_rate,True
churn_rate,error_rate,correlated_with,churn_rate,True
churn_rate,logo_churn_rate,correlated_with,churn_rate,True
churn_rate,mrr,correlated_with,churn_rate,True
churn_rate,new_arr,correlated_with,churn_rate,True
churn_rate,nps,correlated_with,churn_rate,True
churn_rate,nrr_monthly,correlated_with,churn_rate,True
churn_rate,onboarding_completion_rate,correlated_with,churn_rate,True
churn_rate,payback_period,correlated_with,churn_rate,True
churn_rate,renewal_rate,correlated_with,churn_rate,True
churn_rate,retention_d30,correlated_with,churn_rate,True
churn_rate,support_tickets_opened,correlated_with,churn_rate,True
churn_rate,time_to_value,correlated_with,churn_rate,True
arr,churned_arr,parent_of,churned_arr,True
grr,churned_arr,parent_of,churned_arr,True
mrr_churn_rate,churned_arr,parent_of,churned_arr,True
nrr,churned_arr,parent_of,churned_arr,True
nrr_monthly,churned_arr,parent_of,churned_arr,True
saas_quick_ratio,churned_arr,parent_of,churned_arr,True
churned_arr,contraction_arr,correlated_with,churned_arr,True
churned_arr,customer_churn_rate,correlated_with,churned_arr,True
churned_arr,logo_churn_rate,correlated_with,churned_arr,True
churn_rate,cohort_churn,parent_of,cohort_churn,True
cohort_churn,logo_churn_rate,correlated_with,cohort_churn,True
cohort_churn,d30_retention,correlated_with,cohort_churn,True
arr,committed_arr,parent_of,committed_arr,True
committed_arr,arr,correlated_with,committed_arr,True
committed_arr,bookings,correlated_with,committed_arr,True
committed_arr,contracted_unbilled,correlated_with,committed_arr,True
arr,contraction_arr,parent_of,contraction_arr,True
nrr,contraction_arr,parent_of,contraction_arr,True
grr,contraction_arr,parent_of,contraction_arr,True
nrr_monthly,contraction_arr,parent_of,contraction_arr,True
saas_quick_ratio,contraction_arr,parent_of,contraction_arr,True
contraction_arr,churned_arr,correlated_with,contraction_arr,True
contraction_arr,logo_churn_rate,correlated_with,contraction_arr,True
total_revenue,gross_revenue,parent_of,gross_revenue,True
net_revenue,gross_revenue,parent_of,gross_revenue,True
gross_revenue,stg_order_amount_sum,parent_of,gross_revenue,True
gross_revenue,net_revenue,correlated_with,gross_revenue,True
gross_revenue,discount_rate,correlated_with,gross_revenue,True
gross_revenue,stg_order_amount_sum,correlated_with,gross_revenue,True
total_revenue,implementation_revenue,parent_of,implementation_revenue,True
implementation_revenue,services_revenue,correlated_with,implementation_revenue,True
revenue_vs_py,prior_year_revenue,parent_of,prior_year_revenue,True
prior_year_revenue,revenue_vs_py,correlated_with,prior_year_revenue,True
prior_year_revenue,total_revenue,correlated_with,prior_year_revenue,True
revenue_ytd,q1_revenue,parent_of,q1_revenue,True
q1_revenue,q2_revenue,correlated_with,q1_revenue,True
q1_revenue,total_revenue,correlated_with,q1_revenue,True
revenue_ytd,q2_revenue,parent_of,q2_revenue,True
q2_revenue,q1_revenue,correlated_with,q2_revenue,True
q2_revenue,q3_revenue,correlated_with,q2_revenue,True
revenue_ytd,q3_revenue,parent_of,q3_revenue,True
q3_revenue,q2_revenue,correlated_with,q3_revenue,True
q3_revenue,q4_revenue,correlated_with,q3_revenue,True
revenue_ytd,q4_revenue,parent_of,q4_revenue,True
q4_revenue,q3_revenue,correlated_with,q4_revenue,True
q4_revenue,total_revenue,correlated_with,q4_revenue,True
billings,recognized_revenue,parent_of,recognized_revenue,True
recognized_revenue,deferred_revenue,correlated_with,recognized_revenue,True
recognized_revenue,arr,correlated_with,recognized_revenue,True
recognized_revenue,stg_invoices_amount,correlated_with,recognized_revenue,True
total_revenue,revenue_by_channel,parent_of,revenue_by_channel,True
revenue_by_channel,total_revenue,correlated_with,revenue_by_channel,True
revenue_by_channel,cac,correlated_with,revenue_by_channel,True
revenue_by_channel,partner_revenue_pct,correlated_with,revenue_by_channel,True
total_revenue,revenue_by_product,parent_of,revenue_by_product,True
revenue_by_product,total_revenue,correlated_with,revenue_by_product,True
revenue_by_product,gross_margin_pct,correlated_with,revenue_by_product,True
total_revenue,revenue_by_region,parent_of,revenue_by_region,True
revenue_by_region,total_revenue,correlated_with,revenue_by_region,True
revenue_by_region,market_share,correlated_with,revenue_by_region,True
revenue,stg_revenue_event_amount,parent_of,stg_revenue_event_amount,True
asp,stg_revenue_event_amount,parent_of,stg_revenue_event_amount,True
gmv,stg_revenue_event_amount,parent_of,stg_revenue_event_amount,True
api_latency_p95,api_calls_total,parent_of,api_calls_total,True
api_calls_total,api_consumers,correlated_with,api_calls_total,True
api_calls_total,api_latency_p95,correlated_with,api_calls_total,True
mau,api_consumers,parent_of,api_consumers,True
api_consumers,api_calls_total,correlated_with,api_consumers,True
api_consumers,dau,correlated_with,api_consumers,True
deployment_frequency,sprint_velocity,parent_of,sprint_velocity,True
sprint_velocity,deployment_frequency,correlated_with,sprint_velocity,True
sprint_velocity,tech_debt_ratio,correlated_with,sprint_velocity,True
sprint_velocity,pr_merge_time,correlated_with,sprint_velocity,True
error_rate,stg_error_event_row,parent_of,stg_error_event_row,True
mttd,stg_error_event_row,parent_of,stg_error_event_row,True
nps,stg_nps_response_row,parent_of,stg_nps_response_row,True
student_proficiency,instructional_minutes,parent_of,instructional_minutes,True
